From https://github.com/slopus/happy
 * branch              main       -> FETCH_HEAD
 * [new branch]        main       -> upstream/main
From https://github.com/slopus/happy
 * branch              main       -> FETCH_HEAD
Already up to date.

Live upstream range-diff (before -> after):
 1:  19049103 =  1:  19049103 feat(auth): make account keys primary and recoverable
 2:  0f59d16c =  2:  0f59d16c feat(brand): apply Hervald mark to Happy surfaces
 3:  9cef0c1c =  3:  9cef0c1c build: make release artifacts reproducible
 4:  3be202c8 =  4:  3be202c8 fix(build): stabilize Expo Hermes bytecode
 5:  91c7eee7 =  5:  91c7eee7 ops: isolate HappyHerd runtime state
 6:  1ef556cf =  6:  1ef556cf docs: codify owned patch discipline
 7:  2c01f515 =  7:  2c01f515 test(sync): add upstream rehearsal and contract suite
 8:  c5256402 =  8:  c5256402 fix(sync): honor upstream pnpm pin in contract suite
 9:  cca71349 =  9:  cca71349 fix(sync): exercise non-no-op upstream integration
10:  22b02394 = 10:  22b02394 ci: enforce HappyHerd contract suite
11:  de909746 = 11:  de909746 fix(sync): make rehearsal merges noninteractive
12:  f9e84ead = 12:  f9e84ead fix(sync): make upstream merge provenance deterministic
13:  c4726a90 = 13:  c4726a90 fix(sync): follow declared shell sources in contracts
14:  0696a8b2 = 14:  0696a8b2 perf(sync): reuse verified rehearsal clone
15:  a53889a4 = 15:  a53889a4 test(sync): require structured A5 acceptance evidence
16:  a0bb98c5 = 16:  a0bb98c5 fix(ci): fail closed during upstream rehearsal
17:  afe711de = 17:  afe711de fix(sync): bind A5 evidence to public upstream
18:  080897bb = 18:  080897bb fix(ci): preserve inspectable A5 evidence
19:  24f85087 = 19:  24f85087 fix(sync): report full rehearsal provenance
From https://github.com/slopus/happy
 * branch              main       -> FETCH_HEAD
 * [new branch]        main       -> upstream/main
HEAD is now at ee05253c chore: initialize HappyHerd distribution shell
Switched to a new branch 'real-upstream-delta'
From https://github.com/slopus/happy
 * branch              main       -> FETCH_HEAD
Merge made by the 'ort' strategy.
 .../sources/app/(app)/settings/appearance.tsx      | 24 +++---
 .../sources/components/tools/ToolView.tsx          | 16 +++-
 .../sources/hooks/useGroupedMessages.test.ts       | 20 ++++-
 .../happy-app/sources/hooks/useGroupedMessages.ts  | 15 +---
 .../happy-app/sources/sync/settings.spec.ts        |  1 +
 server/packages/happy-app/sources/sync/settings.ts |  2 +
 server/packages/happy-app/sources/text/_default.ts |  2 +
 .../happy-app/sources/text/translations/ca.ts      |  2 +
 .../happy-app/sources/text/translations/en.ts      |  2 +
 .../happy-app/sources/text/translations/es.ts      |  2 +
 .../happy-app/sources/text/translations/it.ts      |  2 +
 .../happy-app/sources/text/translations/ja.ts      |  2 +
 .../happy-app/sources/text/translations/pl.ts      |  2 +
 .../happy-app/sources/text/translations/pt.ts      |  2 +
 .../happy-app/sources/text/translations/ru.ts      |  2 +
 .../happy-app/sources/text/translations/zh-Hans.ts |  2 +
 .../happy-app/sources/text/translations/zh-Hant.ts |  2 +
 .../happy-app/sources/utils/toolDisplay.test.ts    | 44 ++++++++++
 .../happy-app/sources/utils/toolDisplay.ts         | 99 ++++++++++++++++++++--
 19 files changed, 208 insertions(+), 35 deletions(-)

Real non-no-op upstream range-diff (before -> after):
 -:  -------- >  1:  971d6089 Make tool calls compact by default
 1:  77fa2da3 =  2:  77fa2da3 feat(auth): make account keys primary and recoverable
 2:  c3fe0be1 =  3:  c3fe0be1 feat(brand): apply Hervald mark to Happy surfaces
 3:  c6070f87 =  4:  c6070f87 build: make release artifacts reproducible
 4:  734f8da6 =  5:  734f8da6 fix(build): stabilize Expo Hermes bytecode
 5:  90b9d05a =  6:  90b9d05a ops: isolate HappyHerd runtime state
 6:  b8b51778 =  7:  b8b51778 docs: codify owned patch discipline
 7:  791a7de7 =  8:  791a7de7 test(sync): add upstream rehearsal and contract suite
 8:  b3bd3a95 =  9:  b3bd3a95 fix(sync): honor upstream pnpm pin in contract suite
 9:  bd06a0a5 = 10:  bd06a0a5 fix(sync): exercise non-no-op upstream integration
10:  28580398 = 11:  28580398 ci: enforce HappyHerd contract suite
11:  c680d9d4 = 12:  c680d9d4 fix(sync): make rehearsal merges noninteractive
12:  7b757f15 = 13:  7b757f15 fix(sync): make upstream merge provenance deterministic
13:  ecc0fab9 = 14:  ecc0fab9 fix(sync): follow declared shell sources in contracts
14:  332e50dd = 15:  332e50dd perf(sync): reuse verified rehearsal clone
15:  eca58dd1 = 16:  eca58dd1 test(sync): require structured A5 acceptance evidence
16:  9f399238 = 17:  9f399238 fix(ci): fail closed during upstream rehearsal
17:  f8f1cc04 = 18:  f8f1cc04 fix(sync): bind A5 evidence to public upstream
18:  2cac855e = 19:  2cac855e fix(ci): preserve inspectable A5 evidence
19:  724294d9 = 20:  724294d9 fix(sync): report full rehearsal provenance
Scope: all 8 workspace projects
Lockfile is up to date, resolution step is skipped
Packages: +2482
++++++++++++++++++++++++++++++++++++++++++++++++++++++++++++++++++++++++++++++++
Progress: resolved 0, reused 0, downloaded 1, added 0
Progress: resolved 0, reused 0, downloaded 46, added 12
Progress: resolved 0, reused 0, downloaded 59, added 16
Progress: resolved 0, reused 0, downloaded 115, added 33
Progress: resolved 0, reused 0, downloaded 181, added 58
Progress: resolved 0, reused 0, downloaded 218, added 70
Progress: resolved 0, reused 0, downloaded 251, added 79
Progress: resolved 0, reused 0, downloaded 291, added 91
Progress: resolved 0, reused 0, downloaded 306, added 95
Progress: resolved 0, reused 0, downloaded 310, added 98
Progress: resolved 0, reused 0, downloaded 348, added 110
Progress: resolved 0, reused 0, downloaded 398, added 126
Progress: resolved 0, reused 0, downloaded 437, added 138
Progress: resolved 0, reused 0, downloaded 470, added 146
Progress: resolved 0, reused 0, downloaded 492, added 154
Progress: resolved 0, reused 0, downloaded 493, added 154
Progress: resolved 0, reused 0, downloaded 498, added 158
Progress: resolved 0, reused 0, downloaded 506, added 158
Progress: resolved 0, reused 0, downloaded 507, added 158
Progress: resolved 0, reused 0, downloaded 523, added 162
Progress: resolved 0, reused 0, downloaded 562, added 175
Progress: resolved 0, reused 0, downloaded 663, added 216
Progress: resolved 0, reused 0, downloaded 779, added 254
Progress: resolved 0, reused 0, downloaded 794, added 261
Progress: resolved 0, reused 0, downloaded 806, added 264
Progress: resolved 0, reused 0, downloaded 808, added 266
Progress: resolved 0, reused 0, downloaded 809, added 266
Progress: resolved 0, reused 0, downloaded 822, added 270
Progress: resolved 0, reused 0, downloaded 889, added 287
Progress: resolved 0, reused 0, downloaded 954, added 308
Progress: resolved 0, reused 0, downloaded 1096, added 364
Progress: resolved 0, reused 0, downloaded 1227, added 416
Progress: resolved 0, reused 0, downloaded 1371, added 486
Progress: resolved 0, reused 0, downloaded 1539, added 553
Progress: resolved 0, reused 0, downloaded 1722, added 652
Progress: resolved 0, reused 0, downloaded 1760, added 665
Progress: resolved 0, reused 0, downloaded 1909, added 723
Progress: resolved 0, reused 0, downloaded 2094, added 805
Progress: resolved 0, reused 0, downloaded 2187, added 847
Progress: resolved 0, reused 0, downloaded 2188, added 847
Progress: resolved 0, reused 0, downloaded 2196, added 851
Progress: resolved 0, reused 0, downloaded 2208, added 854
Progress: resolved 0, reused 0, downloaded 2222, added 857
Progress: resolved 0, reused 0, downloaded 2225, added 859
Progress: resolved 0, reused 0, downloaded 2259, added 873
Progress: resolved 0, reused 0, downloaded 2334, added 1591
Progress: resolved 0, reused 0, downloaded 2334, added 2482
Progress: resolved 0, reused 0, downloaded 2334, added 2482, done
node_modules/node-pty install$ node scripts/prebuild.js || node-gyp rebuild
node_modules/electron postinstall$ node install.js
node_modules/better-sqlite3 install$ prebuild-install || node-gyp rebuild --release
node_modules/esbuild postinstall$ node install.js
node_modules/node-pty install: > Checking prebuilds...
node_modules/node-pty install: > Rebuilding because directory /tmp/happyherd-sync-rehearsal.MWY5wi/real-delta-rehearsal/server/node_modules/node-pty/prebuilds/linux-x64 does not exist
node_modules/@shopify/react-native-skia postinstall$ node scripts/install-libs.js
node_modules/node-pty install: gyp info it worked if it ends with ok
node_modules/node-pty install: gyp info using node-gyp@11.5.0
node_modules/node-pty install: gyp info using node@20.20.2 | linux | x64
node_modules/esbuild postinstall: Done
node_modules/@shopify/react-native-skia postinstall: -- Skia iOS package: /tmp/happyherd-sync-rehearsal.MWY5wi/real-delta-rehearsal/server/node_modules/react-native-skia-apple-ios
node_modules/@shopify/react-native-skia postinstall: -- Skia macOS package: /tmp/happyherd-sync-rehearsal.MWY5wi/real-delta-rehearsal/server/node_modules/react-native-skia-apple-macos
node_modules/@prisma/engines postinstall$ node scripts/postinstall.js
node_modules/@shopify/react-native-skia postinstall: -- Skia tvOS package: /tmp/happyherd-sync-rehearsal.MWY5wi/real-delta-rehearsal/server/node_modules/react-native-skia-apple-tvos
node_modules/node-pty install: gyp info find Python using Python version 3.12.3 found at "/usr/bin/python3"
node_modules/node-pty install: gyp http GET https://nodejs.org/download/release/v20.20.2/node-v20.20.2-headers.tar.gz
node_modules/node-pty install: gyp http 200 https://nodejs.org/download/release/v20.20.2/node-v20.20.2-headers.tar.gz
node_modules/@shopify/react-native-skia postinstall: -- Copied Apple xcframeworks to libs/
node_modules/@shopify/react-native-skia postinstall: -- Skia Android package: /tmp/happyherd-sync-rehearsal.MWY5wi/real-delta-rehearsal/server/node_modules/react-native-skia-android
node_modules/better-sqlite3 install: Done
node_modules/sharp install$ node install/check.js || npm run build
node_modules/@shopify/react-native-skia postinstall: -- Copied Android libs to libs/android/
node_modules/@shopify/react-native-skia postinstall: Done
node_modules/sharp install: Done
node_modules/@prisma/engines postinstall: Done
.../electron-vite/node_modules/esbuild postinstall$ node install.js
.../@more-tech/react-native-libsodium postinstall$ tar -xzf libsodium/build.tgz --directory ./libsodium
.../pkgroll/node_modules/esbuild postinstall$ node install.js
.../@more-tech/react-native-libsodium postinstall: tar: Ignoring unknown extended header keyword 'LIBARCHIVE.xattr.com.apple.provenance'
.../@more-tech/react-native-libsodium postinstall: tar: Ignoring unknown extended header keyword 'LIBARCHIVE.xattr.com.apple.provenance'
.../@more-tech/react-native-libsodium postinstall: tar: Ignoring unknown extended header keyword 'LIBARCHIVE.xattr.com.apple.provenance'
.../@more-tech/react-native-libsodium postinstall: tar: Ignoring unknown extended header keyword 'LIBARCHIVE.xattr.com.apple.provenance'
.../@more-tech/react-native-libsodium postinstall: tar: Ignoring unknown extended header keyword 'LIBARCHIVE.xattr.com.apple.provenance'
.../@more-tech/react-native-libsodium postinstall: tar: Ignoring unknown extended header keyword 'LIBARCHIVE.xattr.com.apple.provenance'
.../@more-tech/react-native-libsodium postinstall: tar: Ignoring unknown extended header keyword 'LIBARCHIVE.xattr.com.apple.provenance'
.../@more-tech/react-native-libsodium postinstall: tar: Ignoring unknown extended header keyword 'LIBARCHIVE.xattr.com.apple.provenance'
.../@more-tech/react-native-libsodium postinstall: tar: Ignoring unknown extended header keyword 'LIBARCHIVE.xattr.com.apple.provenance'
.../@more-tech/react-native-libsodium postinstall: tar: Ignoring unknown extended header keyword 'LIBARCHIVE.xattr.com.apple.provenance'
.../@more-tech/react-native-libsodium postinstall: tar: Ignoring unknown extended header keyword 'LIBARCHIVE.xattr.com.apple.provenance'
.../@more-tech/react-native-libsodium postinstall: tar: Ignoring unknown extended header keyword 'LIBARCHIVE.xattr.com.apple.provenance'
.../@more-tech/react-native-libsodium postinstall: tar: Ignoring unknown extended header keyword 'LIBARCHIVE.xattr.com.apple.provenance'
.../@more-tech/react-native-libsodium postinstall: tar: Ignoring unknown extended header keyword 'LIBARCHIVE.xattr.com.apple.provenance'
.../@more-tech/react-native-libsodium postinstall: tar: Ignoring unknown extended header keyword 'LIBARCHIVE.xattr.com.apple.provenance'
.../@more-tech/react-native-libsodium postinstall: tar: Ignoring unknown extended header keyword 'LIBARCHIVE.xattr.com.apple.provenance'
.../@more-tech/react-native-libsodium postinstall: tar: Ignoring unknown extended header keyword 'LIBARCHIVE.xattr.com.apple.provenance'
.../@more-tech/react-native-libsodium postinstall: tar: Ignoring unknown extended header keyword 'LIBARCHIVE.xattr.com.apple.provenance'
.../@more-tech/react-native-libsodium postinstall: tar: Ignoring unknown extended header keyword 'LIBARCHIVE.xattr.com.apple.provenance'
.../@more-tech/react-native-libsodium postinstall: tar: Ignoring unknown extended header keyword 'LIBARCHIVE.xattr.com.apple.provenance'
.../@more-tech/react-native-libsodium postinstall: tar: Ignoring unknown extended header keyword 'LIBARCHIVE.xattr.com.apple.provenance'
.../@more-tech/react-native-libsodium postinstall: tar: Ignoring unknown extended header keyword 'LIBARCHIVE.xattr.com.apple.provenance'
.../@more-tech/react-native-libsodium postinstall: tar: Ignoring unknown extended header keyword 'LIBARCHIVE.xattr.com.apple.provenance'
.../@more-tech/react-native-libsodium postinstall: tar: Ignoring unknown extended header keyword 'LIBARCHIVE.xattr.com.apple.provenance'
.../@more-tech/react-native-libsodium postinstall: tar: Ignoring unknown extended header keyword 'LIBARCHIVE.xattr.com.apple.provenance'
.../@more-tech/react-native-libsodium postinstall: tar: Ignoring unknown extended header keyword 'LIBARCHIVE.xattr.com.apple.provenance'
.../@more-tech/react-native-libsodium postinstall: tar: Ignoring unknown extended header keyword 'LIBARCHIVE.xattr.com.apple.provenance'
.../@more-tech/react-native-libsodium postinstall: tar: Ignoring unknown extended header keyword 'LIBARCHIVE.xattr.com.apple.provenance'
.../@more-tech/react-native-libsodium postinstall: tar: Ignoring unknown extended header keyword 'LIBARCHIVE.xattr.com.apple.provenance'
.../@more-tech/react-native-libsodium postinstall: tar: Ignoring unknown extended header keyword 'LIBARCHIVE.xattr.com.apple.provenance'
.../@more-tech/react-native-libsodium postinstall: tar: Ignoring unknown extended header keyword 'LIBARCHIVE.xattr.com.apple.provenance'
.../@more-tech/react-native-libsodium postinstall: tar: Ignoring unknown extended header keyword 'LIBARCHIVE.xattr.com.apple.provenance'
.../@more-tech/react-native-libsodium postinstall: tar: Ignoring unknown extended header keyword 'LIBARCHIVE.xattr.com.apple.provenance'
.../@more-tech/react-native-libsodium postinstall: tar: Ignoring unknown extended header keyword 'LIBARCHIVE.xattr.com.apple.provenance'
.../@more-tech/react-native-libsodium postinstall: tar: Ignoring unknown extended header keyword 'LIBARCHIVE.xattr.com.apple.provenance'
.../@more-tech/react-native-libsodium postinstall: tar: Ignoring unknown extended header keyword 'LIBARCHIVE.xattr.com.apple.provenance'
.../@more-tech/react-native-libsodium postinstall: tar: Ignoring unknown extended header keyword 'LIBARCHIVE.xattr.com.apple.provenance'
.../@more-tech/react-native-libsodium postinstall: tar: Ignoring unknown extended header keyword 'LIBARCHIVE.xattr.com.apple.provenance'
.../@more-tech/react-native-libsodium postinstall: tar: Ignoring unknown extended header keyword 'LIBARCHIVE.xattr.com.apple.provenance'
.../@more-tech/react-native-libsodium postinstall: tar: Ignoring unknown extended header keyword 'LIBARCHIVE.xattr.com.apple.provenance'
.../@more-tech/react-native-libsodium postinstall: tar: Ignoring unknown extended header keyword 'LIBARCHIVE.xattr.com.apple.provenance'
.../@more-tech/react-native-libsodium postinstall: tar: Ignoring unknown extended header keyword 'LIBARCHIVE.xattr.com.apple.provenance'
.../@more-tech/react-native-libsodium postinstall: tar: Ignoring unknown extended header keyword 'LIBARCHIVE.xattr.com.apple.provenance'
.../@more-tech/react-native-libsodium postinstall: tar: Ignoring unknown extended header keyword 'LIBARCHIVE.xattr.com.apple.provenance'
.../@more-tech/react-native-libsodium postinstall: tar: Ignoring unknown extended header keyword 'LIBARCHIVE.xattr.com.apple.provenance'
.../@more-tech/react-native-libsodium postinstall: tar: Ignoring unknown extended header keyword 'LIBARCHIVE.xattr.com.apple.provenance'
.../@more-tech/react-native-libsodium postinstall: tar: Ignoring unknown extended header keyword 'LIBARCHIVE.xattr.com.apple.provenance'
.../@more-tech/react-native-libsodium postinstall: tar: Ignoring unknown extended header keyword 'LIBARCHIVE.xattr.com.apple.provenance'
.../@more-tech/react-native-libsodium postinstall: tar: Ignoring unknown extended header keyword 'LIBARCHIVE.xattr.com.apple.provenance'
.../@more-tech/react-native-libsodium postinstall: tar: Ignoring unknown extended header keyword 'LIBARCHIVE.xattr.com.apple.provenance'
.../@more-tech/react-native-libsodium postinstall: tar: Ignoring unknown extended header keyword 'LIBARCHIVE.xattr.com.apple.provenance'
.../@more-tech/react-native-libsodium postinstall: tar: Ignoring unknown extended header keyword 'LIBARCHIVE.xattr.com.apple.provenance'
.../@more-tech/react-native-libsodium postinstall: tar: Ignoring unknown extended header keyword 'LIBARCHIVE.xattr.com.apple.provenance'
.../@more-tech/react-native-libsodium postinstall: tar: Ignoring unknown extended header keyword 'LIBARCHIVE.xattr.com.apple.provenance'
.../@more-tech/react-native-libsodium postinstall: tar: Ignoring unknown extended header keyword 'LIBARCHIVE.xattr.com.apple.provenance'
.../@more-tech/react-native-libsodium postinstall: tar: Ignoring unknown extended header keyword 'LIBARCHIVE.xattr.com.apple.provenance'
.../@more-tech/react-native-libsodium postinstall: tar: Ignoring unknown extended header keyword 'LIBARCHIVE.xattr.com.apple.provenance'
.../@more-tech/react-native-libsodium postinstall: tar: Ignoring unknown extended header keyword 'LIBARCHIVE.xattr.com.apple.provenance'
.../@more-tech/react-native-libsodium postinstall: tar: Ignoring unknown extended header keyword 'LIBARCHIVE.xattr.com.apple.provenance'
.../@more-tech/react-native-libsodium postinstall: tar: Ignoring unknown extended header keyword 'LIBARCHIVE.xattr.com.apple.provenance'
.../@more-tech/react-native-libsodium postinstall: tar: Ignoring unknown extended header keyword 'LIBARCHIVE.xattr.com.apple.provenance'
.../@more-tech/react-native-libsodium postinstall: tar: Ignoring unknown extended header keyword 'LIBARCHIVE.xattr.com.apple.provenance'
.../@more-tech/react-native-libsodium postinstall: tar: Ignoring unknown extended header keyword 'LIBARCHIVE.xattr.com.apple.provenance'
.../@more-tech/react-native-libsodium postinstall: tar: Ignoring unknown extended header keyword 'LIBARCHIVE.xattr.com.apple.provenance'
.../@more-tech/react-native-libsodium postinstall: tar: Ignoring unknown extended header keyword 'LIBARCHIVE.xattr.com.apple.provenance'
.../@more-tech/react-native-libsodium postinstall: tar: Ignoring unknown extended header keyword 'LIBARCHIVE.xattr.com.apple.provenance'
.../@more-tech/react-native-libsodium postinstall: tar: Ignoring unknown extended header keyword 'LIBARCHIVE.xattr.com.apple.provenance'
.../@more-tech/react-native-libsodium postinstall: tar: Ignoring unknown extended header keyword 'LIBARCHIVE.xattr.com.apple.provenance'
.../@more-tech/react-native-libsodium postinstall: tar: Ignoring unknown extended header keyword 'LIBARCHIVE.xattr.com.apple.provenance'
.../@more-tech/react-native-libsodium postinstall: tar: Ignoring unknown extended header keyword 'LIBARCHIVE.xattr.com.apple.provenance'
.../@more-tech/react-native-libsodium postinstall: tar: Ignoring unknown extended header keyword 'LIBARCHIVE.xattr.com.apple.provenance'
.../@more-tech/react-native-libsodium postinstall: tar: Ignoring unknown extended header keyword 'LIBARCHIVE.xattr.com.apple.provenance'
.../@more-tech/react-native-libsodium postinstall: tar: Ignoring unknown extended header keyword 'LIBARCHIVE.xattr.com.apple.provenance'
.../@more-tech/react-native-libsodium postinstall: tar: Ignoring unknown extended header keyword 'LIBARCHIVE.xattr.com.apple.provenance'
.../@more-tech/react-native-libsodium postinstall: tar: Ignoring unknown extended header keyword 'LIBARCHIVE.xattr.com.apple.provenance'
.../@more-tech/react-native-libsodium postinstall: tar: Ignoring unknown extended header keyword 'LIBARCHIVE.xattr.com.apple.provenance'
.../@more-tech/react-native-libsodium postinstall: tar: Ignoring unknown extended header keyword 'LIBARCHIVE.xattr.com.apple.provenance'
.../@more-tech/react-native-libsodium postinstall: tar: Ignoring unknown extended header keyword 'LIBARCHIVE.xattr.com.apple.provenance'
.../@more-tech/react-native-libsodium postinstall: tar: Ignoring unknown extended header keyword 'LIBARCHIVE.xattr.com.apple.provenance'
.../@more-tech/react-native-libsodium postinstall: tar: Ignoring unknown extended header keyword 'LIBARCHIVE.xattr.com.apple.provenance'
.../@more-tech/react-native-libsodium postinstall: tar: Ignoring unknown extended header keyword 'LIBARCHIVE.xattr.com.apple.provenance'
.../@more-tech/react-native-libsodium postinstall: tar: Ignoring unknown extended header keyword 'LIBARCHIVE.xattr.com.apple.provenance'
.../@more-tech/react-native-libsodium postinstall: tar: Ignoring unknown extended header keyword 'LIBARCHIVE.xattr.com.apple.provenance'
.../@more-tech/react-native-libsodium postinstall: tar: Ignoring unknown extended header keyword 'LIBARCHIVE.xattr.com.apple.provenance'
.../@more-tech/react-native-libsodium postinstall: tar: Ignoring unknown extended header keyword 'LIBARCHIVE.xattr.com.apple.provenance'
.../@more-tech/react-native-libsodium postinstall: tar: Ignoring unknown extended header keyword 'LIBARCHIVE.xattr.com.apple.provenance'
.../@more-tech/react-native-libsodium postinstall: tar: Ignoring unknown extended header keyword 'LIBARCHIVE.xattr.com.apple.provenance'
.../@more-tech/react-native-libsodium postinstall: tar: Ignoring unknown extended header keyword 'LIBARCHIVE.xattr.com.apple.provenance'
.../@more-tech/react-native-libsodium postinstall: tar: Ignoring unknown extended header keyword 'LIBARCHIVE.xattr.com.apple.provenance'
.../@more-tech/react-native-libsodium postinstall: tar: Ignoring unknown extended header keyword 'LIBARCHIVE.xattr.com.apple.provenance'
.../@more-tech/react-native-libsodium postinstall: tar: Ignoring unknown extended header keyword 'LIBARCHIVE.xattr.com.apple.provenance'
.../@more-tech/react-native-libsodium postinstall: tar: Ignoring unknown extended header keyword 'LIBARCHIVE.xattr.com.apple.provenance'
.../@more-tech/react-native-libsodium postinstall: tar: Ignoring unknown extended header keyword 'LIBARCHIVE.xattr.com.apple.provenance'
.../@more-tech/react-native-libsodium postinstall: tar: Ignoring unknown extended header keyword 'LIBARCHIVE.xattr.com.apple.provenance'
.../@more-tech/react-native-libsodium postinstall: tar: Ignoring unknown extended header keyword 'LIBARCHIVE.xattr.com.apple.provenance'
.../@more-tech/react-native-libsodium postinstall: tar: Ignoring unknown extended header keyword 'LIBARCHIVE.xattr.com.apple.provenance'
.../@more-tech/react-native-libsodium postinstall: tar: Ignoring unknown extended header keyword 'LIBARCHIVE.xattr.com.apple.provenance'
.../@more-tech/react-native-libsodium postinstall: tar: Ignoring unknown extended header keyword 'LIBARCHIVE.xattr.com.apple.provenance'
.../@more-tech/react-native-libsodium postinstall: tar: Ignoring unknown extended header keyword 'LIBARCHIVE.xattr.com.apple.provenance'
.../@more-tech/react-native-libsodium postinstall: tar: Ignoring unknown extended header keyword 'LIBARCHIVE.xattr.com.apple.provenance'
.../@more-tech/react-native-libsodium postinstall: tar: Ignoring unknown extended header keyword 'LIBARCHIVE.xattr.com.apple.provenance'
.../@more-tech/react-native-libsodium postinstall: tar: Ignoring unknown extended header keyword 'LIBARCHIVE.xattr.com.apple.provenance'
.../@more-tech/react-native-libsodium postinstall: tar: Ignoring unknown extended header keyword 'LIBARCHIVE.xattr.com.apple.provenance'
.../@more-tech/react-native-libsodium postinstall: tar: Ignoring unknown extended header keyword 'LIBARCHIVE.xattr.com.apple.provenance'
.../@more-tech/react-native-libsodium postinstall: tar: Ignoring unknown extended header keyword 'LIBARCHIVE.xattr.com.apple.provenance'
.../@more-tech/react-native-libsodium postinstall: tar: Ignoring unknown extended header keyword 'LIBARCHIVE.xattr.com.apple.provenance'
.../@more-tech/react-native-libsodium postinstall: tar: Ignoring unknown extended header keyword 'LIBARCHIVE.xattr.com.apple.provenance'
.../@more-tech/react-native-libsodium postinstall: tar: Ignoring unknown extended header keyword 'LIBARCHIVE.xattr.com.apple.provenance'
.../@more-tech/react-native-libsodium postinstall: tar: Ignoring unknown extended header keyword 'LIBARCHIVE.xattr.com.apple.provenance'
.../@more-tech/react-native-libsodium postinstall: tar: Ignoring unknown extended header keyword 'LIBARCHIVE.xattr.com.apple.provenance'
.../@more-tech/react-native-libsodium postinstall: tar: Ignoring unknown extended header keyword 'LIBARCHIVE.xattr.com.apple.provenance'
.../@more-tech/react-native-libsodium postinstall: tar: Ignoring unknown extended header keyword 'LIBARCHIVE.xattr.com.apple.provenance'
.../@more-tech/react-native-libsodium postinstall: tar: Ignoring unknown extended header keyword 'LIBARCHIVE.xattr.com.apple.provenance'
.../@more-tech/react-native-libsodium postinstall: tar: Ignoring unknown extended header keyword 'LIBARCHIVE.xattr.com.apple.provenance'
.../@more-tech/react-native-libsodium postinstall: tar: Ignoring unknown extended header keyword 'LIBARCHIVE.xattr.com.apple.provenance'
.../@more-tech/react-native-libsodium postinstall: tar: Ignoring unknown extended header keyword 'LIBARCHIVE.xattr.com.apple.provenance'
.../@more-tech/react-native-libsodium postinstall: tar: Ignoring unknown extended header keyword 'LIBARCHIVE.xattr.com.apple.provenance'
.../@more-tech/react-native-libsodium postinstall: tar: Ignoring unknown extended header keyword 'LIBARCHIVE.xattr.com.apple.provenance'
.../@more-tech/react-native-libsodium postinstall: tar: Ignoring unknown extended header keyword 'LIBARCHIVE.xattr.com.apple.provenance'
.../@more-tech/react-native-libsodium postinstall: tar: Ignoring unknown extended header keyword 'LIBARCHIVE.xattr.com.apple.provenance'
.../@more-tech/react-native-libsodium postinstall: tar: Ignoring unknown extended header keyword 'LIBARCHIVE.xattr.com.apple.provenance'
.../@more-tech/react-native-libsodium postinstall: tar: Ignoring unknown extended header keyword 'LIBARCHIVE.xattr.com.apple.provenance'
.../@more-tech/react-native-libsodium postinstall: tar: Ignoring unknown extended header keyword 'LIBARCHIVE.xattr.com.apple.provenance'
.../@more-tech/react-native-libsodium postinstall: tar: Ignoring unknown extended header keyword 'LIBARCHIVE.xattr.com.apple.provenance'
.../@more-tech/react-native-libsodium postinstall: tar: Ignoring unknown extended header keyword 'LIBARCHIVE.xattr.com.apple.provenance'
.../@more-tech/react-native-libsodium postinstall: tar: Ignoring unknown extended header keyword 'LIBARCHIVE.xattr.com.apple.provenance'
.../@more-tech/react-native-libsodium postinstall: tar: Ignoring unknown extended header keyword 'LIBARCHIVE.xattr.com.apple.provenance'
.../@more-tech/react-native-libsodium postinstall: tar: Ignoring unknown extended header keyword 'LIBARCHIVE.xattr.com.apple.provenance'
.../@more-tech/react-native-libsodium postinstall: tar: Ignoring unknown extended header keyword 'LIBARCHIVE.xattr.com.apple.provenance'
.../@more-tech/react-native-libsodium postinstall: tar: Ignoring unknown extended header keyword 'LIBARCHIVE.xattr.com.apple.provenance'
.../@more-tech/react-native-libsodium postinstall: tar: Ignoring unknown extended header keyword 'LIBARCHIVE.xattr.com.apple.provenance'
.../@more-tech/react-native-libsodium postinstall: tar: Ignoring unknown extended header keyword 'LIBARCHIVE.xattr.com.apple.provenance'
.../@more-tech/react-native-libsodium postinstall: tar: Ignoring unknown extended header keyword 'LIBARCHIVE.xattr.com.apple.provenance'
.../@more-tech/react-native-libsodium postinstall: tar: Ignoring unknown extended header keyword 'LIBARCHIVE.xattr.com.apple.provenance'
.../@more-tech/react-native-libsodium postinstall: tar: Ignoring unknown extended header keyword 'LIBARCHIVE.xattr.com.apple.provenance'
.../@more-tech/react-native-libsodium postinstall: tar: Ignoring unknown extended header keyword 'LIBARCHIVE.xattr.com.apple.provenance'
.../@more-tech/react-native-libsodium postinstall: tar: Ignoring unknown extended header keyword 'LIBARCHIVE.xattr.com.apple.provenance'
.../@more-tech/react-native-libsodium postinstall: tar: Ignoring unknown extended header keyword 'LIBARCHIVE.xattr.com.apple.provenance'
.../@more-tech/react-native-libsodium postinstall: tar: Ignoring unknown extended header keyword 'LIBARCHIVE.xattr.com.apple.provenance'
.../@more-tech/react-native-libsodium postinstall: tar: Ignoring unknown extended header keyword 'LIBARCHIVE.xattr.com.apple.provenance'
.../@more-tech/react-native-libsodium postinstall: tar: Ignoring unknown extended header keyword 'LIBARCHIVE.xattr.com.apple.provenance'
.../@more-tech/react-native-libsodium postinstall: tar: Ignoring unknown extended header keyword 'LIBARCHIVE.xattr.com.apple.provenance'
.../@more-tech/react-native-libsodium postinstall: tar: Ignoring unknown extended header keyword 'LIBARCHIVE.xattr.com.apple.provenance'
.../@more-tech/react-native-libsodium postinstall: tar: Ignoring unknown extended header keyword 'LIBARCHIVE.xattr.com.apple.provenance'
.../@more-tech/react-native-libsodium postinstall: tar: Ignoring unknown extended header keyword 'LIBARCHIVE.xattr.com.apple.provenance'
.../@more-tech/react-native-libsodium postinstall: tar: Ignoring unknown extended header keyword 'LIBARCHIVE.xattr.com.apple.provenance'
.../@more-tech/react-native-libsodium postinstall: tar: Ignoring unknown extended header keyword 'LIBARCHIVE.xattr.com.apple.provenance'
.../@more-tech/react-native-libsodium postinstall: tar: Ignoring unknown extended header keyword 'LIBARCHIVE.xattr.com.apple.provenance'
.../@more-tech/react-native-libsodium postinstall: tar: Ignoring unknown extended header keyword 'LIBARCHIVE.xattr.com.apple.provenance'
.../@more-tech/react-native-libsodium postinstall: tar: Ignoring unknown extended header keyword 'LIBARCHIVE.xattr.com.apple.provenance'
.../@more-tech/react-native-libsodium postinstall: tar: Ignoring unknown extended header keyword 'LIBARCHIVE.xattr.com.apple.provenance'
.../@more-tech/react-native-libsodium postinstall: tar: Ignoring unknown extended header keyword 'LIBARCHIVE.xattr.com.apple.provenance'
.../@more-tech/react-native-libsodium postinstall: tar: Ignoring unknown extended header keyword 'LIBARCHIVE.xattr.com.apple.provenance'
.../@more-tech/react-native-libsodium postinstall: tar: Ignoring unknown extended header keyword 'LIBARCHIVE.xattr.com.apple.provenance'
.../@more-tech/react-native-libsodium postinstall: tar: Ignoring unknown extended header keyword 'LIBARCHIVE.xattr.com.apple.provenance'
.../@more-tech/react-native-libsodium postinstall: tar: Ignoring unknown extended header keyword 'LIBARCHIVE.xattr.com.apple.provenance'
.../@more-tech/react-native-libsodium postinstall: tar: Ignoring unknown extended header keyword 'LIBARCHIVE.xattr.com.apple.provenance'
.../@more-tech/react-native-libsodium postinstall: tar: Ignoring unknown extended header keyword 'LIBARCHIVE.xattr.com.apple.provenance'
.../@more-tech/react-native-libsodium postinstall: tar: Ignoring unknown extended header keyword 'LIBARCHIVE.xattr.com.apple.provenance'
.../@more-tech/react-native-libsodium postinstall: tar: Ignoring unknown extended header keyword 'LIBARCHIVE.xattr.com.apple.provenance'
.../@more-tech/react-native-libsodium postinstall: tar: Ignoring unknown extended header keyword 'LIBARCHIVE.xattr.com.apple.provenance'
.../@more-tech/react-native-libsodium postinstall: tar: Ignoring unknown extended header keyword 'LIBARCHIVE.xattr.com.apple.provenance'
.../@more-tech/react-native-libsodium postinstall: tar: Ignoring unknown extended header keyword 'LIBARCHIVE.xattr.com.apple.provenance'
.../@more-tech/react-native-libsodium postinstall: tar: Ignoring unknown extended header keyword 'LIBARCHIVE.xattr.com.apple.provenance'
.../@more-tech/react-native-libsodium postinstall: tar: Ignoring unknown extended header keyword 'LIBARCHIVE.xattr.com.apple.provenance'
.../@more-tech/react-native-libsodium postinstall: tar: Ignoring unknown extended header keyword 'LIBARCHIVE.xattr.com.apple.provenance'
.../@more-tech/react-native-libsodium postinstall: tar: Ignoring unknown extended header keyword 'LIBARCHIVE.xattr.com.apple.provenance'
.../@more-tech/react-native-libsodium postinstall: tar: Ignoring unknown extended header keyword 'LIBARCHIVE.xattr.com.apple.provenance'
.../@more-tech/react-native-libsodium postinstall: tar: Ignoring unknown extended header keyword 'LIBARCHIVE.xattr.com.apple.provenance'
.../@more-tech/react-native-libsodium postinstall: tar: Ignoring unknown extended header keyword 'LIBARCHIVE.xattr.com.apple.provenance'
.../@more-tech/react-native-libsodium postinstall: tar: Ignoring unknown extended header keyword 'LIBARCHIVE.xattr.com.apple.provenance'
.../@more-tech/react-native-libsodium postinstall: tar: Ignoring unknown extended header keyword 'LIBARCHIVE.xattr.com.apple.provenance'
.../@more-tech/react-native-libsodium postinstall: tar: Ignoring unknown extended header keyword 'LIBARCHIVE.xattr.com.apple.provenance'
.../@more-tech/react-native-libsodium postinstall: tar: Ignoring unknown extended header keyword 'LIBARCHIVE.xattr.com.apple.provenance'
.../@more-tech/react-native-libsodium postinstall: tar: Ignoring unknown extended header keyword 'LIBARCHIVE.xattr.com.apple.provenance'
.../@more-tech/react-native-libsodium postinstall: tar: Ignoring unknown extended header keyword 'LIBARCHIVE.xattr.com.apple.provenance'
.../@more-tech/react-native-libsodium postinstall: tar: Ignoring unknown extended header keyword 'LIBARCHIVE.xattr.com.apple.provenance'
.../@more-tech/react-native-libsodium postinstall: tar: Ignoring unknown extended header keyword 'LIBARCHIVE.xattr.com.apple.provenance'
.../@more-tech/react-native-libsodium postinstall: tar: Ignoring unknown extended header keyword 'LIBARCHIVE.xattr.com.apple.provenance'
.../@more-tech/react-native-libsodium postinstall: tar: Ignoring unknown extended header keyword 'LIBARCHIVE.xattr.com.apple.provenance'
.../@more-tech/react-native-libsodium postinstall: tar: Ignoring unknown extended header keyword 'LIBARCHIVE.xattr.com.apple.provenance'
.../@more-tech/react-native-libsodium postinstall: tar: Ignoring unknown extended header keyword 'LIBARCHIVE.xattr.com.apple.provenance'
.../@more-tech/react-native-libsodium postinstall: tar: Ignoring unknown extended header keyword 'LIBARCHIVE.xattr.com.apple.provenance'
.../@more-tech/react-native-libsodium postinstall: tar: Ignoring unknown extended header keyword 'LIBARCHIVE.xattr.com.apple.provenance'
.../@more-tech/react-native-libsodium postinstall: tar: Ignoring unknown extended header keyword 'LIBARCHIVE.xattr.com.apple.provenance'
.../@more-tech/react-native-libsodium postinstall: tar: Ignoring unknown extended header keyword 'LIBARCHIVE.xattr.com.apple.provenance'
.../@more-tech/react-native-libsodium postinstall: tar: Ignoring unknown extended header keyword 'LIBARCHIVE.xattr.com.apple.provenance'
.../@more-tech/react-native-libsodium postinstall: tar: Ignoring unknown extended header keyword 'LIBARCHIVE.xattr.com.apple.provenance'
.../@more-tech/react-native-libsodium postinstall: tar: Ignoring unknown extended header keyword 'LIBARCHIVE.xattr.com.apple.provenance'
.../@more-tech/react-native-libsodium postinstall: tar: Ignoring unknown extended header keyword 'LIBARCHIVE.xattr.com.apple.provenance'
.../@more-tech/react-native-libsodium postinstall: tar: Ignoring unknown extended header keyword 'LIBARCHIVE.xattr.com.apple.provenance'
.../@more-tech/react-native-libsodium postinstall: tar: Ignoring unknown extended header keyword 'LIBARCHIVE.xattr.com.apple.provenance'
.../@more-tech/react-native-libsodium postinstall: tar: Ignoring unknown extended header keyword 'LIBARCHIVE.xattr.com.apple.provenance'
.../@more-tech/react-native-libsodium postinstall: tar: Ignoring unknown extended header keyword 'LIBARCHIVE.xattr.com.apple.provenance'
.../@more-tech/react-native-libsodium postinstall: tar: Ignoring unknown extended header keyword 'LIBARCHIVE.xattr.com.apple.provenance'
.../@more-tech/react-native-libsodium postinstall: tar: Ignoring unknown extended header keyword 'LIBARCHIVE.xattr.com.apple.provenance'
.../@more-tech/react-native-libsodium postinstall: tar: Ignoring unknown extended header keyword 'LIBARCHIVE.xattr.com.apple.provenance'
.../@more-tech/react-native-libsodium postinstall: tar: Ignoring unknown extended header keyword 'LIBARCHIVE.xattr.com.apple.provenance'
.../@more-tech/react-native-libsodium postinstall: tar: Ignoring unknown extended header keyword 'LIBARCHIVE.xattr.com.apple.provenance'
.../@more-tech/react-native-libsodium postinstall: tar: Ignoring unknown extended header keyword 'LIBARCHIVE.xattr.com.apple.provenance'
.../@more-tech/react-native-libsodium postinstall: tar: Ignoring unknown extended header keyword 'LIBARCHIVE.xattr.com.apple.provenance'
.../electron-vite/node_modules/esbuild postinstall: Done
.../@more-tech/react-native-libsodium postinstall: tar: Ignoring unknown extended header keyword 'LIBARCHIVE.xattr.com.apple.provenance'
.../@more-tech/react-native-libsodium postinstall: tar: Ignoring unknown extended header keyword 'LIBARCHIVE.xattr.com.apple.provenance'
.../@more-tech/react-native-libsodium postinstall: tar: Ignoring unknown extended header keyword 'LIBARCHIVE.xattr.com.apple.provenance'
.../@more-tech/react-native-libsodium postinstall: tar: Ignoring unknown extended header keyword 'LIBARCHIVE.xattr.com.apple.provenance'
.../@more-tech/react-native-libsodium postinstall: tar: Ignoring unknown extended header keyword 'LIBARCHIVE.xattr.com.apple.provenance'
.../@more-tech/react-native-libsodium postinstall: tar: Ignoring unknown extended header keyword 'LIBARCHIVE.xattr.com.apple.provenance'
.../@more-tech/react-native-libsodium postinstall: tar: Ignoring unknown extended header keyword 'LIBARCHIVE.xattr.com.apple.provenance'
.../@more-tech/react-native-libsodium postinstall: tar: Ignoring unknown extended header keyword 'LIBARCHIVE.xattr.com.apple.provenance'
.../@more-tech/react-native-libsodium postinstall: tar: Ignoring unknown extended header keyword 'LIBARCHIVE.xattr.com.apple.provenance'
.../@more-tech/react-native-libsodium postinstall: tar: Ignoring unknown extended header keyword 'LIBARCHIVE.xattr.com.apple.provenance'
.../@more-tech/react-native-libsodium postinstall: tar: Ignoring unknown extended header keyword 'LIBARCHIVE.xattr.com.apple.provenance'
.../@more-tech/react-native-libsodium postinstall: tar: Ignoring unknown extended header keyword 'LIBARCHIVE.xattr.com.apple.provenance'
.../@more-tech/react-native-libsodium postinstall: tar: Ignoring unknown extended header keyword 'LIBARCHIVE.xattr.com.apple.provenance'
.../@more-tech/react-native-libsodium postinstall: tar: Ignoring unknown extended header keyword 'LIBARCHIVE.xattr.com.apple.provenance'
.../@more-tech/react-native-libsodium postinstall: tar: Ignoring unknown extended header keyword 'LIBARCHIVE.xattr.com.apple.provenance'
.../@more-tech/react-native-libsodium postinstall: tar: Ignoring unknown extended header keyword 'LIBARCHIVE.xattr.com.apple.provenance'
.../@more-tech/react-native-libsodium postinstall: tar: Ignoring unknown extended header keyword 'LIBARCHIVE.xattr.com.apple.provenance'
.../@more-tech/react-native-libsodium postinstall: tar: Ignoring unknown extended header keyword 'LIBARCHIVE.xattr.com.apple.provenance'
.../@more-tech/react-native-libsodium postinstall: tar: Ignoring unknown extended header keyword 'LIBARCHIVE.xattr.com.apple.provenance'
.../@more-tech/react-native-libsodium postinstall: tar: Ignoring unknown extended header keyword 'LIBARCHIVE.xattr.com.apple.provenance'
.../@more-tech/react-native-libsodium postinstall: tar: Ignoring unknown extended header keyword 'LIBARCHIVE.xattr.com.apple.provenance'
.../@more-tech/react-native-libsodium postinstall: tar: Ignoring unknown extended header keyword 'LIBARCHIVE.xattr.com.apple.provenance'
.../@more-tech/react-native-libsodium postinstall: tar: Ignoring unknown extended header keyword 'LIBARCHIVE.xattr.com.apple.provenance'
.../@more-tech/react-native-libsodium postinstall: tar: Ignoring unknown extended header keyword 'LIBARCHIVE.xattr.com.apple.provenance'
.../@more-tech/react-native-libsodium postinstall: tar: Ignoring unknown extended header keyword 'LIBARCHIVE.xattr.com.apple.provenance'
.../@more-tech/react-native-libsodium postinstall: tar: Ignoring unknown extended header keyword 'LIBARCHIVE.xattr.com.apple.provenance'
.../@more-tech/react-native-libsodium postinstall: tar: Ignoring unknown extended header keyword 'LIBARCHIVE.xattr.com.apple.provenance'
.../@more-tech/react-native-libsodium postinstall: tar: Ignoring unknown extended header keyword 'LIBARCHIVE.xattr.com.apple.provenance'
.../@more-tech/react-native-libsodium postinstall: tar: Ignoring unknown extended header keyword 'LIBARCHIVE.xattr.com.apple.provenance'
.../@more-tech/react-native-libsodium postinstall: tar: Ignoring unknown extended header keyword 'LIBARCHIVE.xattr.com.apple.provenance'
.../@more-tech/react-native-libsodium postinstall: tar: Ignoring unknown extended header keyword 'LIBARCHIVE.xattr.com.apple.provenance'
.../@more-tech/react-native-libsodium postinstall: tar: Ignoring unknown extended header keyword 'LIBARCHIVE.xattr.com.apple.provenance'
.../@more-tech/react-native-libsodium postinstall: tar: Ignoring unknown extended header keyword 'LIBARCHIVE.xattr.com.apple.provenance'
.../@more-tech/react-native-libsodium postinstall: tar: Ignoring unknown extended header keyword 'LIBARCHIVE.xattr.com.apple.provenance'
.../@more-tech/react-native-libsodium postinstall: tar: Ignoring unknown extended header keyword 'LIBARCHIVE.xattr.com.apple.provenance'
.../@more-tech/react-native-libsodium postinstall: tar: Ignoring unknown extended header keyword 'LIBARCHIVE.xattr.com.apple.provenance'
.../@more-tech/react-native-libsodium postinstall: tar: Ignoring unknown extended header keyword 'LIBARCHIVE.xattr.com.apple.provenance'
.../@more-tech/react-native-libsodium postinstall: tar: Ignoring unknown extended header keyword 'LIBARCHIVE.xattr.com.apple.provenance'
.../@more-tech/react-native-libsodium postinstall: tar: Ignoring unknown extended header keyword 'LIBARCHIVE.xattr.com.apple.provenance'
.../@more-tech/react-native-libsodium postinstall: tar: Ignoring unknown extended header keyword 'LIBARCHIVE.xattr.com.apple.provenance'
.../@more-tech/react-native-libsodium postinstall: tar: Ignoring unknown extended header keyword 'LIBARCHIVE.xattr.com.apple.provenance'
.../@more-tech/react-native-libsodium postinstall: tar: Ignoring unknown extended header keyword 'LIBARCHIVE.xattr.com.apple.provenance'
.../@more-tech/react-native-libsodium postinstall: tar: Ignoring unknown extended header keyword 'LIBARCHIVE.xattr.com.apple.provenance'
.../@more-tech/react-native-libsodium postinstall: tar: Ignoring unknown extended header keyword 'LIBARCHIVE.xattr.com.apple.provenance'
.../@more-tech/react-native-libsodium postinstall: tar: Ignoring unknown extended header keyword 'LIBARCHIVE.xattr.com.apple.provenance'
.../@more-tech/react-native-libsodium postinstall: tar: Ignoring unknown extended header keyword 'LIBARCHIVE.xattr.com.apple.provenance'
.../@more-tech/react-native-libsodium postinstall: tar: Ignoring unknown extended header keyword 'LIBARCHIVE.xattr.com.apple.provenance'
.../@more-tech/react-native-libsodium postinstall: tar: Ignoring unknown extended header keyword 'LIBARCHIVE.xattr.com.apple.provenance'
.../@more-tech/react-native-libsodium postinstall: tar: Ignoring unknown extended header keyword 'LIBARCHIVE.xattr.com.apple.provenance'
.../@more-tech/react-native-libsodium postinstall: tar: Ignoring unknown extended header keyword 'LIBARCHIVE.xattr.com.apple.provenance'
.../@more-tech/react-native-libsodium postinstall: tar: Ignoring unknown extended header keyword 'LIBARCHIVE.xattr.com.apple.provenance'
.../@more-tech/react-native-libsodium postinstall: tar: Ignoring unknown extended header keyword 'LIBARCHIVE.xattr.com.apple.provenance'
.../@more-tech/react-native-libsodium postinstall: tar: Ignoring unknown extended header keyword 'LIBARCHIVE.xattr.com.apple.provenance'
.../@more-tech/react-native-libsodium postinstall: tar: Ignoring unknown extended header keyword 'LIBARCHIVE.xattr.com.apple.provenance'
.../@more-tech/react-native-libsodium postinstall: tar: Ignoring unknown extended header keyword 'LIBARCHIVE.xattr.com.apple.provenance'
.../@more-tech/react-native-libsodium postinstall: tar: Ignoring unknown extended header keyword 'LIBARCHIVE.xattr.com.apple.provenance'
.../@more-tech/react-native-libsodium postinstall: tar: Ignoring unknown extended header keyword 'LIBARCHIVE.xattr.com.apple.provenance'
.../@more-tech/react-native-libsodium postinstall: tar: Ignoring unknown extended header keyword 'LIBARCHIVE.xattr.com.apple.provenance'
.../@more-tech/react-native-libsodium postinstall: tar: Ignoring unknown extended header keyword 'LIBARCHIVE.xattr.com.apple.provenance'
.../@more-tech/react-native-libsodium postinstall: tar: Ignoring unknown extended header keyword 'LIBARCHIVE.xattr.com.apple.provenance'
.../@more-tech/react-native-libsodium postinstall: tar: Ignoring unknown extended header keyword 'LIBARCHIVE.xattr.com.apple.provenance'
.../@more-tech/react-native-libsodium postinstall: tar: Ignoring unknown extended header keyword 'LIBARCHIVE.xattr.com.apple.provenance'
.../@more-tech/react-native-libsodium postinstall: tar: Ignoring unknown extended header keyword 'LIBARCHIVE.xattr.com.apple.provenance'
.../@more-tech/react-native-libsodium postinstall: tar: Ignoring unknown extended header keyword 'LIBARCHIVE.xattr.com.apple.provenance'
.../@more-tech/react-native-libsodium postinstall: tar: Ignoring unknown extended header keyword 'LIBARCHIVE.xattr.com.apple.provenance'
.../@more-tech/react-native-libsodium postinstall: tar: Ignoring unknown extended header keyword 'LIBARCHIVE.xattr.com.apple.provenance'
.../@more-tech/react-native-libsodium postinstall: tar: Ignoring unknown extended header keyword 'LIBARCHIVE.xattr.com.apple.provenance'
.../@more-tech/react-native-libsodium postinstall: tar: Ignoring unknown extended header keyword 'LIBARCHIVE.xattr.com.apple.provenance'
.../@more-tech/react-native-libsodium postinstall: tar: Ignoring unknown extended header keyword 'LIBARCHIVE.xattr.com.apple.provenance'
.../@more-tech/react-native-libsodium postinstall: tar: Ignoring unknown extended header keyword 'LIBARCHIVE.xattr.com.apple.provenance'
.../@more-tech/react-native-libsodium postinstall: tar: Ignoring unknown extended header keyword 'LIBARCHIVE.xattr.com.apple.provenance'
.../@more-tech/react-native-libsodium postinstall: tar: Ignoring unknown extended header keyword 'LIBARCHIVE.xattr.com.apple.provenance'
.../@more-tech/react-native-libsodium postinstall: tar: Ignoring unknown extended header keyword 'LIBARCHIVE.xattr.com.apple.provenance'
.../@more-tech/react-native-libsodium postinstall: tar: Ignoring unknown extended header keyword 'LIBARCHIVE.xattr.com.apple.provenance'
.../@more-tech/react-native-libsodium postinstall: tar: Ignoring unknown extended header keyword 'LIBARCHIVE.xattr.com.apple.provenance'
.../@more-tech/react-native-libsodium postinstall: tar: Ignoring unknown extended header keyword 'LIBARCHIVE.xattr.com.apple.provenance'
.../@more-tech/react-native-libsodium postinstall: tar: Ignoring unknown extended header keyword 'LIBARCHIVE.xattr.com.apple.provenance'
.../@more-tech/react-native-libsodium postinstall: tar: Ignoring unknown extended header keyword 'LIBARCHIVE.xattr.com.apple.provenance'
.../@more-tech/react-native-libsodium postinstall: tar: Ignoring unknown extended header keyword 'LIBARCHIVE.xattr.com.apple.provenance'
.../@more-tech/react-native-libsodium postinstall: tar: Ignoring unknown extended header keyword 'LIBARCHIVE.xattr.com.apple.provenance'
.../@more-tech/react-native-libsodium postinstall: tar: Ignoring unknown extended header keyword 'LIBARCHIVE.xattr.com.apple.provenance'
.../@more-tech/react-native-libsodium postinstall: tar: Ignoring unknown extended header keyword 'LIBARCHIVE.xattr.com.apple.provenance'
.../@more-tech/react-native-libsodium postinstall: tar: Ignoring unknown extended header keyword 'LIBARCHIVE.xattr.com.apple.provenance'
.../@more-tech/react-native-libsodium postinstall: tar: Ignoring unknown extended header keyword 'LIBARCHIVE.xattr.com.apple.provenance'
.../@more-tech/react-native-libsodium postinstall: tar: Ignoring unknown extended header keyword 'LIBARCHIVE.xattr.com.apple.provenance'
.../@more-tech/react-native-libsodium postinstall: tar: Ignoring unknown extended header keyword 'LIBARCHIVE.xattr.com.apple.provenance'
.../@more-tech/react-native-libsodium postinstall: tar: Ignoring unknown extended header keyword 'LIBARCHIVE.xattr.com.apple.provenance'
.../@more-tech/react-native-libsodium postinstall: tar: Ignoring unknown extended header keyword 'LIBARCHIVE.xattr.com.apple.provenance'
.../@more-tech/react-native-libsodium postinstall: tar: Ignoring unknown extended header keyword 'LIBARCHIVE.xattr.com.apple.provenance'
.../@more-tech/react-native-libsodium postinstall: tar: Ignoring unknown extended header keyword 'LIBARCHIVE.xattr.com.apple.provenance'
.../@more-tech/react-native-libsodium postinstall: tar: Ignoring unknown extended header keyword 'LIBARCHIVE.xattr.com.apple.provenance'
.../@more-tech/react-native-libsodium postinstall: tar: Ignoring unknown extended header keyword 'LIBARCHIVE.xattr.com.apple.provenance'
.../@more-tech/react-native-libsodium postinstall: tar: Ignoring unknown extended header keyword 'LIBARCHIVE.xattr.com.apple.provenance'
.../@more-tech/react-native-libsodium postinstall: tar: Ignoring unknown extended header keyword 'LIBARCHIVE.xattr.com.apple.provenance'
.../@more-tech/react-native-libsodium postinstall: tar: Ignoring unknown extended header keyword 'LIBARCHIVE.xattr.com.apple.provenance'
.../@more-tech/react-native-libsodium postinstall: tar: Ignoring unknown extended header keyword 'LIBARCHIVE.xattr.com.apple.provenance'
.../@more-tech/react-native-libsodium postinstall: tar: Ignoring unknown extended header keyword 'LIBARCHIVE.xattr.com.apple.provenance'
.../@more-tech/react-native-libsodium postinstall: tar: Ignoring unknown extended header keyword 'LIBARCHIVE.xattr.com.apple.provenance'
.../@more-tech/react-native-libsodium postinstall: tar: Ignoring unknown extended header keyword 'LIBARCHIVE.xattr.com.apple.provenance'
.../@more-tech/react-native-libsodium postinstall: tar: Ignoring unknown extended header keyword 'LIBARCHIVE.xattr.com.apple.provenance'
.../@more-tech/react-native-libsodium postinstall: tar: Ignoring unknown extended header keyword 'LIBARCHIVE.xattr.com.apple.provenance'
.../@more-tech/react-native-libsodium postinstall: tar: Ignoring unknown extended header keyword 'LIBARCHIVE.xattr.com.apple.provenance'
.../@more-tech/react-native-libsodium postinstall: tar: Ignoring unknown extended header keyword 'LIBARCHIVE.xattr.com.apple.provenance'
.../@more-tech/react-native-libsodium postinstall: tar: Ignoring unknown extended header keyword 'LIBARCHIVE.xattr.com.apple.provenance'
.../@more-tech/react-native-libsodium postinstall: tar: Ignoring unknown extended header keyword 'LIBARCHIVE.xattr.com.apple.provenance'
.../@more-tech/react-native-libsodium postinstall: tar: Ignoring unknown extended header keyword 'LIBARCHIVE.xattr.com.apple.provenance'
.../@more-tech/react-native-libsodium postinstall: tar: Ignoring unknown extended header keyword 'LIBARCHIVE.xattr.com.apple.provenance'
.../@more-tech/react-native-libsodium postinstall: tar: Ignoring unknown extended header keyword 'LIBARCHIVE.xattr.com.apple.provenance'
.../@more-tech/react-native-libsodium postinstall: tar: Ignoring unknown extended header keyword 'LIBARCHIVE.xattr.com.apple.provenance'
.../@more-tech/react-native-libsodium postinstall: tar: Ignoring unknown extended header keyword 'LIBARCHIVE.xattr.com.apple.provenance'
.../@more-tech/react-native-libsodium postinstall: tar: Ignoring unknown extended header keyword 'LIBARCHIVE.xattr.com.apple.provenance'
.../@more-tech/react-native-libsodium postinstall: tar: Ignoring unknown extended header keyword 'LIBARCHIVE.xattr.com.apple.provenance'
.../@more-tech/react-native-libsodium postinstall: tar: Ignoring unknown extended header keyword 'LIBARCHIVE.xattr.com.apple.provenance'
.../@more-tech/react-native-libsodium postinstall: tar: Ignoring unknown extended header keyword 'LIBARCHIVE.xattr.com.apple.provenance'
.../pkgroll/node_modules/esbuild postinstall: Done
.../@more-tech/react-native-libsodium postinstall: tar: Ignoring unknown extended header keyword 'LIBARCHIVE.xattr.com.apple.provenance'
.../@more-tech/react-native-libsodium postinstall: tar: Ignoring unknown extended header keyword 'LIBARCHIVE.xattr.com.apple.provenance'
.../@more-tech/react-native-libsodium postinstall: tar: Ignoring unknown extended header keyword 'LIBARCHIVE.xattr.com.apple.provenance'
.../@more-tech/react-native-libsodium postinstall: tar: Ignoring unknown extended header keyword 'LIBARCHIVE.xattr.com.apple.provenance'
.../@more-tech/react-native-libsodium postinstall: tar: Ignoring unknown extended header keyword 'LIBARCHIVE.xattr.com.apple.provenance'
.../@more-tech/react-native-libsodium postinstall: tar: Ignoring unknown extended header keyword 'LIBARCHIVE.xattr.com.apple.provenance'
.../@more-tech/react-native-libsodium postinstall: tar: Ignoring unknown extended header keyword 'LIBARCHIVE.xattr.com.apple.provenance'
.../@more-tech/react-native-libsodium postinstall: tar: Ignoring unknown extended header keyword 'LIBARCHIVE.xattr.com.apple.provenance'
.../@more-tech/react-native-libsodium postinstall: tar: Ignoring unknown extended header keyword 'LIBARCHIVE.xattr.com.apple.provenance'
.../@more-tech/react-native-libsodium postinstall: tar: Ignoring unknown extended header keyword 'LIBARCHIVE.xattr.com.apple.provenance'
.../@more-tech/react-native-libsodium postinstall: tar: Ignoring unknown extended header keyword 'LIBARCHIVE.xattr.com.apple.provenance'
.../@more-tech/react-native-libsodium postinstall: tar: Ignoring unknown extended header keyword 'LIBARCHIVE.xattr.com.apple.provenance'
.../@more-tech/react-native-libsodium postinstall: tar: Ignoring unknown extended header keyword 'LIBARCHIVE.xattr.com.apple.provenance'
.../@more-tech/react-native-libsodium postinstall: tar: Ignoring unknown extended header keyword 'LIBARCHIVE.xattr.com.apple.provenance'
.../@more-tech/react-native-libsodium postinstall: tar: Ignoring unknown extended header keyword 'LIBARCHIVE.xattr.com.apple.provenance'
.../@more-tech/react-native-libsodium postinstall: tar: Ignoring unknown extended header keyword 'LIBARCHIVE.xattr.com.apple.provenance'
.../@more-tech/react-native-libsodium postinstall: tar: Ignoring unknown extended header keyword 'LIBARCHIVE.xattr.com.apple.provenance'
.../@more-tech/react-native-libsodium postinstall: tar: Ignoring unknown extended header keyword 'LIBARCHIVE.xattr.com.apple.provenance'
.../@more-tech/react-native-libsodium postinstall: tar: Ignoring unknown extended header keyword 'LIBARCHIVE.xattr.com.apple.provenance'
.../@more-tech/react-native-libsodium postinstall: tar: Ignoring unknown extended header keyword 'LIBARCHIVE.xattr.com.apple.provenance'
.../@more-tech/react-native-libsodium postinstall: tar: Ignoring unknown extended header keyword 'LIBARCHIVE.xattr.com.apple.provenance'
.../@more-tech/react-native-libsodium postinstall: tar: Ignoring unknown extended header keyword 'LIBARCHIVE.xattr.com.apple.provenance'
.../@more-tech/react-native-libsodium postinstall: tar: Ignoring unknown extended header keyword 'LIBARCHIVE.xattr.com.apple.provenance'
.../@more-tech/react-native-libsodium postinstall: tar: Ignoring unknown extended header keyword 'LIBARCHIVE.xattr.com.apple.provenance'
.../@more-tech/react-native-libsodium postinstall: tar: Ignoring unknown extended header keyword 'LIBARCHIVE.xattr.com.apple.provenance'
.../@more-tech/react-native-libsodium postinstall: tar: Ignoring unknown extended header keyword 'LIBARCHIVE.xattr.com.apple.provenance'
.../@more-tech/react-native-libsodium postinstall: tar: Ignoring unknown extended header keyword 'LIBARCHIVE.xattr.com.apple.provenance'
.../@more-tech/react-native-libsodium postinstall: tar: Ignoring unknown extended header keyword 'LIBARCHIVE.xattr.com.apple.provenance'
.../@more-tech/react-native-libsodium postinstall: tar: Ignoring unknown extended header keyword 'LIBARCHIVE.xattr.com.apple.provenance'
.../@more-tech/react-native-libsodium postinstall: tar: Ignoring unknown extended header keyword 'LIBARCHIVE.xattr.com.apple.provenance'
.../@more-tech/react-native-libsodium postinstall: tar: Ignoring unknown extended header keyword 'LIBARCHIVE.xattr.com.apple.provenance'
.../@more-tech/react-native-libsodium postinstall: tar: Ignoring unknown extended header keyword 'LIBARCHIVE.xattr.com.apple.provenance'
.../@more-tech/react-native-libsodium postinstall: tar: Ignoring unknown extended header keyword 'LIBARCHIVE.xattr.com.apple.provenance'
.../@more-tech/react-native-libsodium postinstall: tar: Ignoring unknown extended header keyword 'LIBARCHIVE.xattr.com.apple.provenance'
.../@more-tech/react-native-libsodium postinstall: tar: Ignoring unknown extended header keyword 'LIBARCHIVE.xattr.com.apple.provenance'
.../@more-tech/react-native-libsodium postinstall: tar: Ignoring unknown extended header keyword 'LIBARCHIVE.xattr.com.apple.provenance'
.../@more-tech/react-native-libsodium postinstall: tar: Ignoring unknown extended header keyword 'LIBARCHIVE.xattr.com.apple.provenance'
.../@more-tech/react-native-libsodium postinstall: tar: Ignoring unknown extended header keyword 'LIBARCHIVE.xattr.com.apple.provenance'
.../@more-tech/react-native-libsodium postinstall: tar: Ignoring unknown extended header keyword 'LIBARCHIVE.xattr.com.apple.provenance'
.../@more-tech/react-native-libsodium postinstall: tar: Ignoring unknown extended header keyword 'LIBARCHIVE.xattr.com.apple.provenance'
.../@more-tech/react-native-libsodium postinstall: tar: Ignoring unknown extended header keyword 'LIBARCHIVE.xattr.com.apple.provenance'
.../@more-tech/react-native-libsodium postinstall: tar: Ignoring unknown extended header keyword 'LIBARCHIVE.xattr.com.apple.provenance'
.../@more-tech/react-native-libsodium postinstall: tar: Ignoring unknown extended header keyword 'LIBARCHIVE.xattr.com.apple.provenance'
.../@more-tech/react-native-libsodium postinstall: tar: Ignoring unknown extended header keyword 'LIBARCHIVE.xattr.com.apple.provenance'
.../@more-tech/react-native-libsodium postinstall: tar: Ignoring unknown extended header keyword 'LIBARCHIVE.xattr.com.apple.provenance'
.../@more-tech/react-native-libsodium postinstall: tar: Ignoring unknown extended header keyword 'LIBARCHIVE.xattr.com.apple.provenance'
.../@more-tech/react-native-libsodium postinstall: tar: Ignoring unknown extended header keyword 'LIBARCHIVE.xattr.com.apple.provenance'
.../@more-tech/react-native-libsodium postinstall: tar: Ignoring unknown extended header keyword 'LIBARCHIVE.xattr.com.apple.provenance'
.../@more-tech/react-native-libsodium postinstall: tar: Ignoring unknown extended header keyword 'LIBARCHIVE.xattr.com.apple.provenance'
.../@more-tech/react-native-libsodium postinstall: tar: Ignoring unknown extended header keyword 'LIBARCHIVE.xattr.com.apple.provenance'
.../@more-tech/react-native-libsodium postinstall: tar: Ignoring unknown extended header keyword 'LIBARCHIVE.xattr.com.apple.provenance'
.../@more-tech/react-native-libsodium postinstall: tar: Ignoring unknown extended header keyword 'LIBARCHIVE.xattr.com.apple.provenance'
.../@more-tech/react-native-libsodium postinstall: tar: Ignoring unknown extended header keyword 'LIBARCHIVE.xattr.com.apple.provenance'
.../@more-tech/react-native-libsodium postinstall: tar: Ignoring unknown extended header keyword 'LIBARCHIVE.xattr.com.apple.provenance'
.../@more-tech/react-native-libsodium postinstall: tar: Ignoring unknown extended header keyword 'LIBARCHIVE.xattr.com.apple.provenance'
.../@more-tech/react-native-libsodium postinstall: tar: Ignoring unknown extended header keyword 'LIBARCHIVE.xattr.com.apple.provenance'
.../@more-tech/react-native-libsodium postinstall: tar: Ignoring unknown extended header keyword 'LIBARCHIVE.xattr.com.apple.provenance'
.../@more-tech/react-native-libsodium postinstall: tar: Ignoring unknown extended header keyword 'LIBARCHIVE.xattr.com.apple.provenance'
.../@more-tech/react-native-libsodium postinstall: tar: Ignoring unknown extended header keyword 'LIBARCHIVE.xattr.com.apple.provenance'
.../@more-tech/react-native-libsodium postinstall: tar: Ignoring unknown extended header keyword 'LIBARCHIVE.xattr.com.apple.provenance'
.../@more-tech/react-native-libsodium postinstall: tar: Ignoring unknown extended header keyword 'LIBARCHIVE.xattr.com.apple.provenance'
.../@more-tech/react-native-libsodium postinstall: tar: Ignoring unknown extended header keyword 'LIBARCHIVE.xattr.com.apple.provenance'
.../@more-tech/react-native-libsodium postinstall: tar: Ignoring unknown extended header keyword 'LIBARCHIVE.xattr.com.apple.provenance'
.../@more-tech/react-native-libsodium postinstall: tar: Ignoring unknown extended header keyword 'LIBARCHIVE.xattr.com.apple.provenance'
.../@more-tech/react-native-libsodium postinstall: tar: Ignoring unknown extended header keyword 'LIBARCHIVE.xattr.com.apple.provenance'
.../@more-tech/react-native-libsodium postinstall: tar: Ignoring unknown extended header keyword 'LIBARCHIVE.xattr.com.apple.provenance'
.../@more-tech/react-native-libsodium postinstall: tar: Ignoring unknown extended header keyword 'LIBARCHIVE.xattr.com.apple.provenance'
.../@more-tech/react-native-libsodium postinstall: tar: Ignoring unknown extended header keyword 'LIBARCHIVE.xattr.com.apple.provenance'
.../@more-tech/react-native-libsodium postinstall: tar: Ignoring unknown extended header keyword 'LIBARCHIVE.xattr.com.apple.provenance'
.../@more-tech/react-native-libsodium postinstall: tar: Ignoring unknown extended header keyword 'LIBARCHIVE.xattr.com.apple.provenance'
.../@more-tech/react-native-libsodium postinstall: tar: Ignoring unknown extended header keyword 'LIBARCHIVE.xattr.com.apple.provenance'
.../@more-tech/react-native-libsodium postinstall: tar: Ignoring unknown extended header keyword 'LIBARCHIVE.xattr.com.apple.provenance'
.../@more-tech/react-native-libsodium postinstall: tar: Ignoring unknown extended header keyword 'LIBARCHIVE.xattr.com.apple.provenance'
.../@more-tech/react-native-libsodium postinstall: tar: Ignoring unknown extended header keyword 'LIBARCHIVE.xattr.com.apple.provenance'
.../@more-tech/react-native-libsodium postinstall: tar: Ignoring unknown extended header keyword 'LIBARCHIVE.xattr.com.apple.provenance'
.../@more-tech/react-native-libsodium postinstall: tar: Ignoring unknown extended header keyword 'LIBARCHIVE.xattr.com.apple.provenance'
.../@more-tech/react-native-libsodium postinstall: tar: Ignoring unknown extended header keyword 'LIBARCHIVE.xattr.com.apple.provenance'
.../@more-tech/react-native-libsodium postinstall: tar: Ignoring unknown extended header keyword 'LIBARCHIVE.xattr.com.apple.provenance'
.../@more-tech/react-native-libsodium postinstall: tar: Ignoring unknown extended header keyword 'LIBARCHIVE.xattr.com.apple.provenance'
.../@more-tech/react-native-libsodium postinstall: tar: Ignoring unknown extended header keyword 'LIBARCHIVE.xattr.com.apple.provenance'
.../@more-tech/react-native-libsodium postinstall: tar: Ignoring unknown extended header keyword 'LIBARCHIVE.xattr.com.apple.provenance'
.../@more-tech/react-native-libsodium postinstall: tar: Ignoring unknown extended header keyword 'LIBARCHIVE.xattr.com.apple.provenance'
.../@more-tech/react-native-libsodium postinstall: tar: Ignoring unknown extended header keyword 'LIBARCHIVE.xattr.com.apple.provenance'
.../@more-tech/react-native-libsodium postinstall: tar: Ignoring unknown extended header keyword 'LIBARCHIVE.xattr.com.apple.provenance'
.../@more-tech/react-native-libsodium postinstall: tar: Ignoring unknown extended header keyword 'LIBARCHIVE.xattr.com.apple.provenance'
.../@more-tech/react-native-libsodium postinstall: tar: Ignoring unknown extended header keyword 'LIBARCHIVE.xattr.com.apple.provenance'
.../@more-tech/react-native-libsodium postinstall: tar: Ignoring unknown extended header keyword 'LIBARCHIVE.xattr.com.apple.provenance'
.../@more-tech/react-native-libsodium postinstall: tar: Ignoring unknown extended header keyword 'LIBARCHIVE.xattr.com.apple.provenance'
.../@more-tech/react-native-libsodium postinstall: tar: Ignoring unknown extended header keyword 'LIBARCHIVE.xattr.com.apple.provenance'
.../@more-tech/react-native-libsodium postinstall: tar: Ignoring unknown extended header keyword 'LIBARCHIVE.xattr.com.apple.provenance'
.../@more-tech/react-native-libsodium postinstall: tar: Ignoring unknown extended header keyword 'LIBARCHIVE.xattr.com.apple.provenance'
.../@more-tech/react-native-libsodium postinstall: tar: Ignoring unknown extended header keyword 'LIBARCHIVE.xattr.com.apple.provenance'
.../@more-tech/react-native-libsodium postinstall: tar: Ignoring unknown extended header keyword 'LIBARCHIVE.xattr.com.apple.provenance'
.../@more-tech/react-native-libsodium postinstall: tar: Ignoring unknown extended header keyword 'LIBARCHIVE.xattr.com.apple.provenance'
.../@more-tech/react-native-libsodium postinstall: tar: Ignoring unknown extended header keyword 'LIBARCHIVE.xattr.com.apple.provenance'
.../@more-tech/react-native-libsodium postinstall: tar: Ignoring unknown extended header keyword 'LIBARCHIVE.xattr.com.apple.provenance'
.../@more-tech/react-native-libsodium postinstall: tar: Ignoring unknown extended header keyword 'LIBARCHIVE.xattr.com.apple.provenance'
.../@more-tech/react-native-libsodium postinstall: tar: Ignoring unknown extended header keyword 'LIBARCHIVE.xattr.com.apple.provenance'
.../@more-tech/react-native-libsodium postinstall: tar: Ignoring unknown extended header keyword 'LIBARCHIVE.xattr.com.apple.provenance'
.../@more-tech/react-native-libsodium postinstall: tar: Ignoring unknown extended header keyword 'LIBARCHIVE.xattr.com.apple.provenance'
.../@more-tech/react-native-libsodium postinstall: tar: Ignoring unknown extended header keyword 'LIBARCHIVE.xattr.com.apple.provenance'
.../@more-tech/react-native-libsodium postinstall: tar: Ignoring unknown extended header keyword 'LIBARCHIVE.xattr.com.apple.provenance'
.../@more-tech/react-native-libsodium postinstall: tar: Ignoring unknown extended header keyword 'LIBARCHIVE.xattr.com.apple.provenance'
.../@more-tech/react-native-libsodium postinstall: tar: Ignoring unknown extended header keyword 'LIBARCHIVE.xattr.com.apple.provenance'
.../@more-tech/react-native-libsodium postinstall: tar: Ignoring unknown extended header keyword 'LIBARCHIVE.xattr.com.apple.provenance'
.../@more-tech/react-native-libsodium postinstall: tar: Ignoring unknown extended header keyword 'LIBARCHIVE.xattr.com.apple.provenance'
.../@more-tech/react-native-libsodium postinstall: tar: Ignoring unknown extended header keyword 'LIBARCHIVE.xattr.com.apple.provenance'
.../@more-tech/react-native-libsodium postinstall: tar: Ignoring unknown extended header keyword 'LIBARCHIVE.xattr.com.apple.provenance'
.../@more-tech/react-native-libsodium postinstall: tar: Ignoring unknown extended header keyword 'LIBARCHIVE.xattr.com.apple.provenance'
.../@more-tech/react-native-libsodium postinstall: tar: Ignoring unknown extended header keyword 'LIBARCHIVE.xattr.com.apple.provenance'
.../@more-tech/react-native-libsodium postinstall: tar: Ignoring unknown extended header keyword 'LIBARCHIVE.xattr.com.apple.provenance'
.../@more-tech/react-native-libsodium postinstall: tar: Ignoring unknown extended header keyword 'LIBARCHIVE.xattr.com.apple.provenance'
.../@more-tech/react-native-libsodium postinstall: tar: Ignoring unknown extended header keyword 'LIBARCHIVE.xattr.com.apple.provenance'
.../@more-tech/react-native-libsodium postinstall: tar: Ignoring unknown extended header keyword 'LIBARCHIVE.xattr.com.apple.provenance'
.../@more-tech/react-native-libsodium postinstall: tar: Ignoring unknown extended header keyword 'LIBARCHIVE.xattr.com.apple.provenance'
.../@more-tech/react-native-libsodium postinstall: tar: Ignoring unknown extended header keyword 'LIBARCHIVE.xattr.com.apple.provenance'
.../@more-tech/react-native-libsodium postinstall: tar: Ignoring unknown extended header keyword 'LIBARCHIVE.xattr.com.apple.provenance'
.../@more-tech/react-native-libsodium postinstall: tar: Ignoring unknown extended header keyword 'LIBARCHIVE.xattr.com.apple.provenance'
.../@more-tech/react-native-libsodium postinstall: tar: Ignoring unknown extended header keyword 'LIBARCHIVE.xattr.com.apple.provenance'
.../@more-tech/react-native-libsodium postinstall: tar: Ignoring unknown extended header keyword 'LIBARCHIVE.xattr.com.apple.provenance'
.../@more-tech/react-native-libsodium postinstall: tar: Ignoring unknown extended header keyword 'LIBARCHIVE.xattr.com.apple.provenance'
.../@more-tech/react-native-libsodium postinstall: tar: Ignoring unknown extended header keyword 'LIBARCHIVE.xattr.com.apple.provenance'
.../@more-tech/react-native-libsodium postinstall: tar: Ignoring unknown extended header keyword 'LIBARCHIVE.xattr.com.apple.provenance'
.../@more-tech/react-native-libsodium postinstall: tar: Ignoring unknown extended header keyword 'LIBARCHIVE.xattr.com.apple.provenance'
.../@more-tech/react-native-libsodium postinstall: tar: Ignoring unknown extended header keyword 'LIBARCHIVE.xattr.com.apple.provenance'
.../@more-tech/react-native-libsodium postinstall: tar: Ignoring unknown extended header keyword 'LIBARCHIVE.xattr.com.apple.provenance'
.../@more-tech/react-native-libsodium postinstall: tar: Ignoring unknown extended header keyword 'LIBARCHIVE.xattr.com.apple.provenance'
.../@more-tech/react-native-libsodium postinstall: tar: Ignoring unknown extended header keyword 'LIBARCHIVE.xattr.com.apple.provenance'
.../@more-tech/react-native-libsodium postinstall: tar: Ignoring unknown extended header keyword 'LIBARCHIVE.xattr.com.apple.provenance'
.../@more-tech/react-native-libsodium postinstall: tar: Ignoring unknown extended header keyword 'LIBARCHIVE.xattr.com.apple.provenance'
.../@more-tech/react-native-libsodium postinstall: tar: Ignoring unknown extended header keyword 'LIBARCHIVE.xattr.com.apple.provenance'
.../@more-tech/react-native-libsodium postinstall: tar: Ignoring unknown extended header keyword 'LIBARCHIVE.xattr.com.apple.provenance'
.../@more-tech/react-native-libsodium postinstall: tar: Ignoring unknown extended header keyword 'LIBARCHIVE.xattr.com.apple.provenance'
.../@more-tech/react-native-libsodium postinstall: tar: Ignoring unknown extended header keyword 'LIBARCHIVE.xattr.com.apple.provenance'
.../@more-tech/react-native-libsodium postinstall: tar: Ignoring unknown extended header keyword 'LIBARCHIVE.xattr.com.apple.provenance'
.../@more-tech/react-native-libsodium postinstall: tar: Ignoring unknown extended header keyword 'LIBARCHIVE.xattr.com.apple.provenance'
.../@more-tech/react-native-libsodium postinstall: tar: Ignoring unknown extended header keyword 'LIBARCHIVE.xattr.com.apple.provenance'
.../@more-tech/react-native-libsodium postinstall: tar: Ignoring unknown extended header keyword 'LIBARCHIVE.xattr.com.apple.provenance'
.../@more-tech/react-native-libsodium postinstall: tar: Ignoring unknown extended header keyword 'LIBARCHIVE.xattr.com.apple.provenance'
.../@more-tech/react-native-libsodium postinstall: tar: Ignoring unknown extended header keyword 'LIBARCHIVE.xattr.com.apple.provenance'
.../@more-tech/react-native-libsodium postinstall: tar: Ignoring unknown extended header keyword 'LIBARCHIVE.xattr.com.apple.provenance'
.../@more-tech/react-native-libsodium postinstall: tar: Ignoring unknown extended header keyword 'LIBARCHIVE.xattr.com.apple.provenance'
.../@more-tech/react-native-libsodium postinstall: tar: Ignoring unknown extended header keyword 'LIBARCHIVE.xattr.com.apple.provenance'
.../@more-tech/react-native-libsodium postinstall: tar: Ignoring unknown extended header keyword 'LIBARCHIVE.xattr.com.apple.provenance'
.../@more-tech/react-native-libsodium postinstall: tar: Ignoring unknown extended header keyword 'LIBARCHIVE.xattr.com.apple.provenance'
.../@more-tech/react-native-libsodium postinstall: tar: Ignoring unknown extended header keyword 'LIBARCHIVE.xattr.com.apple.provenance'
.../@more-tech/react-native-libsodium postinstall: tar: Ignoring unknown extended header keyword 'LIBARCHIVE.xattr.com.apple.provenance'
.../@more-tech/react-native-libsodium postinstall: tar: Ignoring unknown extended header keyword 'LIBARCHIVE.xattr.com.apple.provenance'
.../@more-tech/react-native-libsodium postinstall: tar: Ignoring unknown extended header keyword 'LIBARCHIVE.xattr.com.apple.provenance'
.../@more-tech/react-native-libsodium postinstall: tar: Ignoring unknown extended header keyword 'LIBARCHIVE.xattr.com.apple.provenance'
.../@more-tech/react-native-libsodium postinstall: tar: Ignoring unknown extended header keyword 'LIBARCHIVE.xattr.com.apple.provenance'
.../@more-tech/react-native-libsodium postinstall: tar: Ignoring unknown extended header keyword 'LIBARCHIVE.xattr.com.apple.provenance'
.../@more-tech/react-native-libsodium postinstall: tar: Ignoring unknown extended header keyword 'LIBARCHIVE.xattr.com.apple.provenance'
.../@more-tech/react-native-libsodium postinstall: tar: Ignoring unknown extended header keyword 'LIBARCHIVE.xattr.com.apple.provenance'
.../@more-tech/react-native-libsodium postinstall: tar: Ignoring unknown extended header keyword 'LIBARCHIVE.xattr.com.apple.provenance'
.../@more-tech/react-native-libsodium postinstall: tar: Ignoring unknown extended header keyword 'LIBARCHIVE.xattr.com.apple.provenance'
.../@more-tech/react-native-libsodium postinstall: tar: Ignoring unknown extended header keyword 'LIBARCHIVE.xattr.com.apple.provenance'
.../@more-tech/react-native-libsodium postinstall: tar: Ignoring unknown extended header keyword 'LIBARCHIVE.xattr.com.apple.provenance'
.../@more-tech/react-native-libsodium postinstall: tar: Ignoring unknown extended header keyword 'LIBARCHIVE.xattr.com.apple.provenance'
.../@more-tech/react-native-libsodium postinstall: tar: Ignoring unknown extended header keyword 'LIBARCHIVE.xattr.com.apple.provenance'
.../@more-tech/react-native-libsodium postinstall: tar: Ignoring unknown extended header keyword 'LIBARCHIVE.xattr.com.apple.provenance'
.../@more-tech/react-native-libsodium postinstall: tar: Ignoring unknown extended header keyword 'LIBARCHIVE.xattr.com.apple.provenance'
.../@more-tech/react-native-libsodium postinstall: tar: Ignoring unknown extended header keyword 'LIBARCHIVE.xattr.com.apple.provenance'
.../@more-tech/react-native-libsodium postinstall: tar: Ignoring unknown extended header keyword 'LIBARCHIVE.xattr.com.apple.provenance'
.../@more-tech/react-native-libsodium postinstall: tar: Ignoring unknown extended header keyword 'LIBARCHIVE.xattr.com.apple.provenance'
.../@more-tech/react-native-libsodium postinstall: tar: Ignoring unknown extended header keyword 'LIBARCHIVE.xattr.com.apple.provenance'
.../@more-tech/react-native-libsodium postinstall: tar: Ignoring unknown extended header keyword 'LIBARCHIVE.xattr.com.apple.provenance'
.../@more-tech/react-native-libsodium postinstall: tar: Ignoring unknown extended header keyword 'LIBARCHIVE.xattr.com.apple.provenance'
.../@more-tech/react-native-libsodium postinstall: tar: Ignoring unknown extended header keyword 'LIBARCHIVE.xattr.com.apple.provenance'
.../@more-tech/react-native-libsodium postinstall: tar: Ignoring unknown extended header keyword 'LIBARCHIVE.xattr.com.apple.provenance'
.../@more-tech/react-native-libsodium postinstall: tar: Ignoring unknown extended header keyword 'LIBARCHIVE.xattr.com.apple.provenance'
.../@more-tech/react-native-libsodium postinstall: tar: Ignoring unknown extended header keyword 'LIBARCHIVE.xattr.com.apple.provenance'
.../@more-tech/react-native-libsodium postinstall: tar: Ignoring unknown extended header keyword 'LIBARCHIVE.xattr.com.apple.provenance'
.../@more-tech/react-native-libsodium postinstall: tar: Ignoring unknown extended header keyword 'LIBARCHIVE.xattr.com.apple.provenance'
.../@more-tech/react-native-libsodium postinstall: tar: Ignoring unknown extended header keyword 'LIBARCHIVE.xattr.com.apple.provenance'
.../@more-tech/react-native-libsodium postinstall: tar: Ignoring unknown extended header keyword 'LIBARCHIVE.xattr.com.apple.provenance'
.../@more-tech/react-native-libsodium postinstall: tar: Ignoring unknown extended header keyword 'LIBARCHIVE.xattr.com.apple.provenance'
.../@more-tech/react-native-libsodium postinstall: tar: Ignoring unknown extended header keyword 'LIBARCHIVE.xattr.com.apple.provenance'
.../@more-tech/react-native-libsodium postinstall: tar: Ignoring unknown extended header keyword 'LIBARCHIVE.xattr.com.apple.provenance'
.../@more-tech/react-native-libsodium postinstall: tar: Ignoring unknown extended header keyword 'LIBARCHIVE.xattr.com.apple.provenance'
.../@more-tech/react-native-libsodium postinstall: tar: Ignoring unknown extended header keyword 'LIBARCHIVE.xattr.com.apple.provenance'
.../@more-tech/react-native-libsodium postinstall: tar: Ignoring unknown extended header keyword 'LIBARCHIVE.xattr.com.apple.provenance'
.../@more-tech/react-native-libsodium postinstall: tar: Ignoring unknown extended header keyword 'LIBARCHIVE.xattr.com.apple.provenance'
.../@more-tech/react-native-libsodium postinstall: tar: Ignoring unknown extended header keyword 'LIBARCHIVE.xattr.com.apple.provenance'
.../@more-tech/react-native-libsodium postinstall: tar: Ignoring unknown extended header keyword 'LIBARCHIVE.xattr.com.apple.provenance'
.../@more-tech/react-native-libsodium postinstall: tar: Ignoring unknown extended header keyword 'LIBARCHIVE.xattr.com.apple.provenance'
.../@more-tech/react-native-libsodium postinstall: tar: Ignoring unknown extended header keyword 'LIBARCHIVE.xattr.com.apple.provenance'
.../@more-tech/react-native-libsodium postinstall: tar: Ignoring unknown extended header keyword 'LIBARCHIVE.xattr.com.apple.provenance'
.../@more-tech/react-native-libsodium postinstall: tar: Ignoring unknown extended header keyword 'LIBARCHIVE.xattr.com.apple.provenance'
.../@more-tech/react-native-libsodium postinstall: tar: Ignoring unknown extended header keyword 'LIBARCHIVE.xattr.com.apple.provenance'
.../@more-tech/react-native-libsodium postinstall: tar: Ignoring unknown extended header keyword 'LIBARCHIVE.xattr.com.apple.provenance'
.../@more-tech/react-native-libsodium postinstall: tar: Ignoring unknown extended header keyword 'LIBARCHIVE.xattr.com.apple.provenance'
.../@more-tech/react-native-libsodium postinstall: tar: Ignoring unknown extended header keyword 'LIBARCHIVE.xattr.com.apple.provenance'
.../@more-tech/react-native-libsodium postinstall: tar: Ignoring unknown extended header keyword 'LIBARCHIVE.xattr.com.apple.provenance'
.../@more-tech/react-native-libsodium postinstall: tar: Ignoring unknown extended header keyword 'LIBARCHIVE.xattr.com.apple.provenance'
.../@more-tech/react-native-libsodium postinstall: tar: Ignoring unknown extended header keyword 'LIBARCHIVE.xattr.com.apple.provenance'
.../@more-tech/react-native-libsodium postinstall: tar: Ignoring unknown extended header keyword 'LIBARCHIVE.xattr.com.apple.provenance'
.../@more-tech/react-native-libsodium postinstall: tar: Ignoring unknown extended header keyword 'LIBARCHIVE.xattr.com.apple.provenance'
.../@more-tech/react-native-libsodium postinstall: tar: Ignoring unknown extended header keyword 'LIBARCHIVE.xattr.com.apple.provenance'
.../@more-tech/react-native-libsodium postinstall: tar: Ignoring unknown extended header keyword 'LIBARCHIVE.xattr.com.apple.provenance'
.../@more-tech/react-native-libsodium postinstall: tar: Ignoring unknown extended header keyword 'LIBARCHIVE.xattr.com.apple.provenance'
.../@more-tech/react-native-libsodium postinstall: tar: Ignoring unknown extended header keyword 'LIBARCHIVE.xattr.com.apple.provenance'
.../@more-tech/react-native-libsodium postinstall: tar: Ignoring unknown extended header keyword 'LIBARCHIVE.xattr.com.apple.provenance'
.../@more-tech/react-native-libsodium postinstall: tar: Ignoring unknown extended header keyword 'LIBARCHIVE.xattr.com.apple.provenance'
.../@more-tech/react-native-libsodium postinstall: tar: Ignoring unknown extended header keyword 'LIBARCHIVE.xattr.com.apple.provenance'
.../@more-tech/react-native-libsodium postinstall: tar: Ignoring unknown extended header keyword 'LIBARCHIVE.xattr.com.apple.provenance'
.../@more-tech/react-native-libsodium postinstall: tar: Ignoring unknown extended header keyword 'LIBARCHIVE.xattr.com.apple.provenance'
.../@more-tech/react-native-libsodium postinstall: tar: Ignoring unknown extended header keyword 'LIBARCHIVE.xattr.com.apple.provenance'
.../@more-tech/react-native-libsodium postinstall: tar: Ignoring unknown extended header keyword 'LIBARCHIVE.xattr.com.apple.provenance'
.../@more-tech/react-native-libsodium postinstall: tar: Ignoring unknown extended header keyword 'LIBARCHIVE.xattr.com.apple.provenance'
.../@more-tech/react-native-libsodium postinstall: tar: Ignoring unknown extended header keyword 'LIBARCHIVE.xattr.com.apple.provenance'
.../@more-tech/react-native-libsodium postinstall: tar: Ignoring unknown extended header keyword 'LIBARCHIVE.xattr.com.apple.provenance'
.../@more-tech/react-native-libsodium postinstall: tar: Ignoring unknown extended header keyword 'LIBARCHIVE.xattr.com.apple.provenance'
.../@more-tech/react-native-libsodium postinstall: tar: Ignoring unknown extended header keyword 'LIBARCHIVE.xattr.com.apple.provenance'
.../@more-tech/react-native-libsodium postinstall: tar: Ignoring unknown extended header keyword 'LIBARCHIVE.xattr.com.apple.provenance'
.../@more-tech/react-native-libsodium postinstall: tar: Ignoring unknown extended header keyword 'LIBARCHIVE.xattr.com.apple.provenance'
.../@more-tech/react-native-libsodium postinstall: tar: Ignoring unknown extended header keyword 'LIBARCHIVE.xattr.com.apple.provenance'
.../@more-tech/react-native-libsodium postinstall: tar: Ignoring unknown extended header keyword 'LIBARCHIVE.xattr.com.apple.provenance'
.../@more-tech/react-native-libsodium postinstall: tar: Ignoring unknown extended header keyword 'LIBARCHIVE.xattr.com.apple.provenance'
.../@more-tech/react-native-libsodium postinstall: tar: Ignoring unknown extended header keyword 'LIBARCHIVE.xattr.com.apple.provenance'
.../@more-tech/react-native-libsodium postinstall: tar: Ignoring unknown extended header keyword 'LIBARCHIVE.xattr.com.apple.provenance'
.../@more-tech/react-native-libsodium postinstall: tar: Ignoring unknown extended header keyword 'LIBARCHIVE.xattr.com.apple.provenance'
.../@more-tech/react-native-libsodium postinstall: tar: Ignoring unknown extended header keyword 'LIBARCHIVE.xattr.com.apple.provenance'
.../@more-tech/react-native-libsodium postinstall: tar: Ignoring unknown extended header keyword 'LIBARCHIVE.xattr.com.apple.provenance'
.../@more-tech/react-native-libsodium postinstall: tar: Ignoring unknown extended header keyword 'LIBARCHIVE.xattr.com.apple.provenance'
.../@more-tech/react-native-libsodium postinstall: tar: Ignoring unknown extended header keyword 'LIBARCHIVE.xattr.com.apple.provenance'
.../@more-tech/react-native-libsodium postinstall: tar: Ignoring unknown extended header keyword 'LIBARCHIVE.xattr.com.apple.provenance'
.../@more-tech/react-native-libsodium postinstall: tar: Ignoring unknown extended header keyword 'LIBARCHIVE.xattr.com.apple.provenance'
.../@more-tech/react-native-libsodium postinstall: tar: Ignoring unknown extended header keyword 'LIBARCHIVE.xattr.com.apple.provenance'
.../@more-tech/react-native-libsodium postinstall: tar: Ignoring unknown extended header keyword 'LIBARCHIVE.xattr.com.apple.provenance'
.../@more-tech/react-native-libsodium postinstall: tar: Ignoring unknown extended header keyword 'LIBARCHIVE.xattr.com.apple.provenance'
.../@more-tech/react-native-libsodium postinstall: tar: Ignoring unknown extended header keyword 'LIBARCHIVE.xattr.com.apple.provenance'
.../@more-tech/react-native-libsodium postinstall: tar: Ignoring unknown extended header keyword 'LIBARCHIVE.xattr.com.apple.provenance'
.../@more-tech/react-native-libsodium postinstall: tar: Ignoring unknown extended header keyword 'LIBARCHIVE.xattr.com.apple.provenance'
.../@more-tech/react-native-libsodium postinstall: tar: Ignoring unknown extended header keyword 'LIBARCHIVE.xattr.com.apple.provenance'
.../@more-tech/react-native-libsodium postinstall: tar: Ignoring unknown extended header keyword 'LIBARCHIVE.xattr.com.apple.provenance'
.../@more-tech/react-native-libsodium postinstall: tar: Ignoring unknown extended header keyword 'LIBARCHIVE.xattr.com.apple.provenance'
.../@more-tech/react-native-libsodium postinstall: tar: Ignoring unknown extended header keyword 'LIBARCHIVE.xattr.com.apple.provenance'
.../@more-tech/react-native-libsodium postinstall: tar: Ignoring unknown extended header keyword 'LIBARCHIVE.xattr.com.apple.provenance'
.../@more-tech/react-native-libsodium postinstall: tar: Ignoring unknown extended header keyword 'LIBARCHIVE.xattr.com.apple.provenance'
.../@more-tech/react-native-libsodium postinstall: tar: Ignoring unknown extended header keyword 'LIBARCHIVE.xattr.com.apple.provenance'
.../@more-tech/react-native-libsodium postinstall: tar: Ignoring unknown extended header keyword 'LIBARCHIVE.xattr.com.apple.provenance'
.../@more-tech/react-native-libsodium postinstall: tar: Ignoring unknown extended header keyword 'LIBARCHIVE.xattr.com.apple.provenance'
.../@more-tech/react-native-libsodium postinstall: tar: Ignoring unknown extended header keyword 'LIBARCHIVE.xattr.com.apple.provenance'
.../@more-tech/react-native-libsodium postinstall: tar: Ignoring unknown extended header keyword 'LIBARCHIVE.xattr.com.apple.provenance'
.../@more-tech/react-native-libsodium postinstall: tar: Ignoring unknown extended header keyword 'LIBARCHIVE.xattr.com.apple.provenance'
.../@more-tech/react-native-libsodium postinstall: tar: Ignoring unknown extended header keyword 'LIBARCHIVE.xattr.com.apple.provenance'
.../@more-tech/react-native-libsodium postinstall: tar: Ignoring unknown extended header keyword 'LIBARCHIVE.xattr.com.apple.provenance'
.../@more-tech/react-native-libsodium postinstall: tar: Ignoring unknown extended header keyword 'LIBARCHIVE.xattr.com.apple.provenance'
.../@more-tech/react-native-libsodium postinstall: tar: Ignoring unknown extended header keyword 'LIBARCHIVE.xattr.com.apple.provenance'
.../@more-tech/react-native-libsodium postinstall: tar: Ignoring unknown extended header keyword 'LIBARCHIVE.xattr.com.apple.provenance'
.../@more-tech/react-native-libsodium postinstall: tar: Ignoring unknown extended header keyword 'LIBARCHIVE.xattr.com.apple.provenance'
.../@more-tech/react-native-libsodium postinstall: tar: Ignoring unknown extended header keyword 'LIBARCHIVE.xattr.com.apple.provenance'
.../@more-tech/react-native-libsodium postinstall: tar: Ignoring unknown extended header keyword 'LIBARCHIVE.xattr.com.apple.provenance'
.../@more-tech/react-native-libsodium postinstall: tar: Ignoring unknown extended header keyword 'LIBARCHIVE.xattr.com.apple.provenance'
.../@more-tech/react-native-libsodium postinstall: tar: Ignoring unknown extended header keyword 'LIBARCHIVE.xattr.com.apple.provenance'
.../@more-tech/react-native-libsodium postinstall: tar: Ignoring unknown extended header keyword 'LIBARCHIVE.xattr.com.apple.provenance'
.../@more-tech/react-native-libsodium postinstall: tar: Ignoring unknown extended header keyword 'LIBARCHIVE.xattr.com.apple.provenance'
.../@more-tech/react-native-libsodium postinstall: tar: Ignoring unknown extended header keyword 'LIBARCHIVE.xattr.com.apple.provenance'
.../@more-tech/react-native-libsodium postinstall: tar: Ignoring unknown extended header keyword 'LIBARCHIVE.xattr.com.apple.provenance'
.../@more-tech/react-native-libsodium postinstall: tar: Ignoring unknown extended header keyword 'LIBARCHIVE.xattr.com.apple.provenance'
.../@more-tech/react-native-libsodium postinstall: tar: Ignoring unknown extended header keyword 'LIBARCHIVE.xattr.com.apple.provenance'
.../@more-tech/react-native-libsodium postinstall: tar: Ignoring unknown extended header keyword 'LIBARCHIVE.xattr.com.apple.provenance'
.../@more-tech/react-native-libsodium postinstall: tar: Ignoring unknown extended header keyword 'LIBARCHIVE.xattr.com.apple.provenance'
.../@more-tech/react-native-libsodium postinstall: tar: Ignoring unknown extended header keyword 'LIBARCHIVE.xattr.com.apple.provenance'
.../@more-tech/react-native-libsodium postinstall: tar: Ignoring unknown extended header keyword 'LIBARCHIVE.xattr.com.apple.provenance'
.../@more-tech/react-native-libsodium postinstall: tar: Ignoring unknown extended header keyword 'LIBARCHIVE.xattr.com.apple.provenance'
.../@more-tech/react-native-libsodium postinstall: tar: Ignoring unknown extended header keyword 'LIBARCHIVE.xattr.com.apple.provenance'
.../@more-tech/react-native-libsodium postinstall: tar: Ignoring unknown extended header keyword 'LIBARCHIVE.xattr.com.apple.provenance'
.../@more-tech/react-native-libsodium postinstall: tar: Ignoring unknown extended header keyword 'LIBARCHIVE.xattr.com.apple.provenance'
.../@more-tech/react-native-libsodium postinstall: tar: Ignoring unknown extended header keyword 'LIBARCHIVE.xattr.com.apple.provenance'
.../@more-tech/react-native-libsodium postinstall: tar: Ignoring unknown extended header keyword 'LIBARCHIVE.xattr.com.apple.provenance'
.../@more-tech/react-native-libsodium postinstall: tar: Ignoring unknown extended header keyword 'LIBARCHIVE.xattr.com.apple.provenance'
.../@more-tech/react-native-libsodium postinstall: tar: Ignoring unknown extended header keyword 'LIBARCHIVE.xattr.com.apple.provenance'
.../@more-tech/react-native-libsodium postinstall: tar: Ignoring unknown extended header keyword 'LIBARCHIVE.xattr.com.apple.provenance'
.../@more-tech/react-native-libsodium postinstall: tar: Ignoring unknown extended header keyword 'LIBARCHIVE.xattr.com.apple.provenance'
.../@more-tech/react-native-libsodium postinstall: tar: Ignoring unknown extended header keyword 'LIBARCHIVE.xattr.com.apple.provenance'
.../@more-tech/react-native-libsodium postinstall: tar: Ignoring unknown extended header keyword 'LIBARCHIVE.xattr.com.apple.provenance'
.../@more-tech/react-native-libsodium postinstall: tar: Ignoring unknown extended header keyword 'LIBARCHIVE.xattr.com.apple.provenance'
.../@more-tech/react-native-libsodium postinstall: tar: Ignoring unknown extended header keyword 'LIBARCHIVE.xattr.com.apple.provenance'
.../@more-tech/react-native-libsodium postinstall: tar: Ignoring unknown extended header keyword 'LIBARCHIVE.xattr.com.apple.provenance'
.../@more-tech/react-native-libsodium postinstall: tar: Ignoring unknown extended header keyword 'LIBARCHIVE.xattr.com.apple.provenance'
.../@more-tech/react-native-libsodium postinstall: tar: Ignoring unknown extended header keyword 'LIBARCHIVE.xattr.com.apple.provenance'
.../@more-tech/react-native-libsodium postinstall: tar: Ignoring unknown extended header keyword 'LIBARCHIVE.xattr.com.apple.provenance'
.../@more-tech/react-native-libsodium postinstall: tar: Ignoring unknown extended header keyword 'LIBARCHIVE.xattr.com.apple.provenance'
.../@more-tech/react-native-libsodium postinstall: tar: Ignoring unknown extended header keyword 'LIBARCHIVE.xattr.com.apple.provenance'
.../@more-tech/react-native-libsodium postinstall: tar: Ignoring unknown extended header keyword 'LIBARCHIVE.xattr.com.apple.provenance'
.../@more-tech/react-native-libsodium postinstall: tar: Ignoring unknown extended header keyword 'LIBARCHIVE.xattr.com.apple.provenance'
.../@more-tech/react-native-libsodium postinstall: tar: Ignoring unknown extended header keyword 'LIBARCHIVE.xattr.com.apple.provenance'
.../@more-tech/react-native-libsodium postinstall: tar: Ignoring unknown extended header keyword 'LIBARCHIVE.xattr.com.apple.provenance'
.../@more-tech/react-native-libsodium postinstall: tar: Ignoring unknown extended header keyword 'LIBARCHIVE.xattr.com.apple.provenance'
.../@more-tech/react-native-libsodium postinstall: tar: Ignoring unknown extended header keyword 'LIBARCHIVE.xattr.com.apple.provenance'
.../@more-tech/react-native-libsodium postinstall: tar: Ignoring unknown extended header keyword 'LIBARCHIVE.xattr.com.apple.provenance'
.../@more-tech/react-native-libsodium postinstall: tar: Ignoring unknown extended header keyword 'LIBARCHIVE.xattr.com.apple.provenance'
.../@more-tech/react-native-libsodium postinstall: tar: Ignoring unknown extended header keyword 'LIBARCHIVE.xattr.com.apple.provenance'
.../@more-tech/react-native-libsodium postinstall: tar: Ignoring unknown extended header keyword 'LIBARCHIVE.xattr.com.apple.provenance'
.../@more-tech/react-native-libsodium postinstall: tar: Ignoring unknown extended header keyword 'LIBARCHIVE.xattr.com.apple.provenance'
.../@more-tech/react-native-libsodium postinstall: tar: Ignoring unknown extended header keyword 'LIBARCHIVE.xattr.com.apple.provenance'
.../@more-tech/react-native-libsodium postinstall: tar: Ignoring unknown extended header keyword 'LIBARCHIVE.xattr.com.apple.provenance'
.../@more-tech/react-native-libsodium postinstall: tar: Ignoring unknown extended header keyword 'LIBARCHIVE.xattr.com.apple.provenance'
.../@more-tech/react-native-libsodium postinstall: tar: Ignoring unknown extended header keyword 'LIBARCHIVE.xattr.com.apple.provenance'
.../@more-tech/react-native-libsodium postinstall: tar: Ignoring unknown extended header keyword 'LIBARCHIVE.xattr.com.apple.provenance'
.../@more-tech/react-native-libsodium postinstall: tar: Ignoring unknown extended header keyword 'LIBARCHIVE.xattr.com.apple.provenance'
.../@more-tech/react-native-libsodium postinstall: tar: Ignoring unknown extended header keyword 'LIBARCHIVE.xattr.com.apple.provenance'
.../@more-tech/react-native-libsodium postinstall: tar: Ignoring unknown extended header keyword 'LIBARCHIVE.xattr.com.apple.provenance'
.../@more-tech/react-native-libsodium postinstall: tar: Ignoring unknown extended header keyword 'LIBARCHIVE.xattr.com.apple.provenance'
.../@more-tech/react-native-libsodium postinstall: tar: Ignoring unknown extended header keyword 'LIBARCHIVE.xattr.com.apple.provenance'
.../@more-tech/react-native-libsodium postinstall: tar: Ignoring unknown extended header keyword 'LIBARCHIVE.xattr.com.apple.provenance'
.../@more-tech/react-native-libsodium postinstall: tar: Ignoring unknown extended header keyword 'LIBARCHIVE.xattr.com.apple.provenance'
.../@more-tech/react-native-libsodium postinstall: tar: Ignoring unknown extended header keyword 'LIBARCHIVE.xattr.com.apple.provenance'
.../@more-tech/react-native-libsodium postinstall: tar: Ignoring unknown extended header keyword 'LIBARCHIVE.xattr.com.apple.provenance'
.../@more-tech/react-native-libsodium postinstall: tar: Ignoring unknown extended header keyword 'LIBARCHIVE.xattr.com.apple.provenance'
.../@more-tech/react-native-libsodium postinstall: tar: Ignoring unknown extended header keyword 'LIBARCHIVE.xattr.com.apple.provenance'
.../@more-tech/react-native-libsodium postinstall: tar: Ignoring unknown extended header keyword 'LIBARCHIVE.xattr.com.apple.provenance'
.../@more-tech/react-native-libsodium postinstall: tar: Ignoring unknown extended header keyword 'LIBARCHIVE.xattr.com.apple.provenance'
.../@more-tech/react-native-libsodium postinstall: tar: Ignoring unknown extended header keyword 'LIBARCHIVE.xattr.com.apple.provenance'
.../@more-tech/react-native-libsodium postinstall: tar: Ignoring unknown extended header keyword 'LIBARCHIVE.xattr.com.apple.provenance'
.../@more-tech/react-native-libsodium postinstall: tar: Ignoring unknown extended header keyword 'LIBARCHIVE.xattr.com.apple.provenance'
.../@more-tech/react-native-libsodium postinstall: tar: Ignoring unknown extended header keyword 'LIBARCHIVE.xattr.com.apple.provenance'
.../@more-tech/react-native-libsodium postinstall: tar: Ignoring unknown extended header keyword 'LIBARCHIVE.xattr.com.apple.provenance'
.../@more-tech/react-native-libsodium postinstall: tar: Ignoring unknown extended header keyword 'LIBARCHIVE.xattr.com.apple.provenance'
.../@more-tech/react-native-libsodium postinstall: tar: Ignoring unknown extended header keyword 'LIBARCHIVE.xattr.com.apple.provenance'
.../@more-tech/react-native-libsodium postinstall: tar: Ignoring unknown extended header keyword 'LIBARCHIVE.xattr.com.apple.provenance'
.../@more-tech/react-native-libsodium postinstall: tar: Ignoring unknown extended header keyword 'LIBARCHIVE.xattr.com.apple.provenance'
.../@more-tech/react-native-libsodium postinstall: tar: Ignoring unknown extended header keyword 'LIBARCHIVE.xattr.com.apple.provenance'
.../@more-tech/react-native-libsodium postinstall: tar: Ignoring unknown extended header keyword 'LIBARCHIVE.xattr.com.apple.provenance'
.../@more-tech/react-native-libsodium postinstall: tar: Ignoring unknown extended header keyword 'LIBARCHIVE.xattr.com.apple.provenance'
.../@more-tech/react-native-libsodium postinstall: tar: Ignoring unknown extended header keyword 'LIBARCHIVE.xattr.com.apple.provenance'
.../@more-tech/react-native-libsodium postinstall: tar: Ignoring unknown extended header keyword 'LIBARCHIVE.xattr.com.apple.provenance'
.../@more-tech/react-native-libsodium postinstall: tar: Ignoring unknown extended header keyword 'LIBARCHIVE.xattr.com.apple.provenance'
.../@more-tech/react-native-libsodium postinstall: tar: Ignoring unknown extended header keyword 'LIBARCHIVE.xattr.com.apple.provenance'
.../@more-tech/react-native-libsodium postinstall: tar: Ignoring unknown extended header keyword 'LIBARCHIVE.xattr.com.apple.provenance'
.../@more-tech/react-native-libsodium postinstall: tar: Ignoring unknown extended header keyword 'LIBARCHIVE.xattr.com.apple.provenance'
.../@more-tech/react-native-libsodium postinstall: tar: Ignoring unknown extended header keyword 'LIBARCHIVE.xattr.com.apple.provenance'
.../@more-tech/react-native-libsodium postinstall: tar: Ignoring unknown extended header keyword 'LIBARCHIVE.xattr.com.apple.provenance'
.../@more-tech/react-native-libsodium postinstall: tar: Ignoring unknown extended header keyword 'LIBARCHIVE.xattr.com.apple.provenance'
.../@more-tech/react-native-libsodium postinstall: tar: Ignoring unknown extended header keyword 'LIBARCHIVE.xattr.com.apple.provenance'
.../@more-tech/react-native-libsodium postinstall: tar: Ignoring unknown extended header keyword 'LIBARCHIVE.xattr.com.apple.provenance'
.../@more-tech/react-native-libsodium postinstall: tar: Ignoring unknown extended header keyword 'LIBARCHIVE.xattr.com.apple.provenance'
.../@more-tech/react-native-libsodium postinstall: tar: Ignoring unknown extended header keyword 'LIBARCHIVE.xattr.com.apple.provenance'
.../@more-tech/react-native-libsodium postinstall: tar: Ignoring unknown extended header keyword 'LIBARCHIVE.xattr.com.apple.provenance'
.../@more-tech/react-native-libsodium postinstall: tar: Ignoring unknown extended header keyword 'LIBARCHIVE.xattr.com.apple.provenance'
.../@more-tech/react-native-libsodium postinstall: tar: Ignoring unknown extended header keyword 'LIBARCHIVE.xattr.com.apple.provenance'
.../@more-tech/react-native-libsodium postinstall: tar: Ignoring unknown extended header keyword 'LIBARCHIVE.xattr.com.apple.provenance'
.../@more-tech/react-native-libsodium postinstall: tar: Ignoring unknown extended header keyword 'LIBARCHIVE.xattr.com.apple.provenance'
.../@more-tech/react-native-libsodium postinstall: tar: Ignoring unknown extended header keyword 'LIBARCHIVE.xattr.com.apple.provenance'
.../@more-tech/react-native-libsodium postinstall: tar: Ignoring unknown extended header keyword 'LIBARCHIVE.xattr.com.apple.provenance'
.../@more-tech/react-native-libsodium postinstall: tar: Ignoring unknown extended header keyword 'LIBARCHIVE.xattr.com.apple.provenance'
.../@more-tech/react-native-libsodium postinstall: tar: Ignoring unknown extended header keyword 'LIBARCHIVE.xattr.com.apple.provenance'
.../@more-tech/react-native-libsodium postinstall: tar: Ignoring unknown extended header keyword 'LIBARCHIVE.xattr.com.apple.provenance'
.../@more-tech/react-native-libsodium postinstall: tar: Ignoring unknown extended header keyword 'LIBARCHIVE.xattr.com.apple.provenance'
.../@more-tech/react-native-libsodium postinstall: tar: Ignoring unknown extended header keyword 'LIBARCHIVE.xattr.com.apple.provenance'
.../@more-tech/react-native-libsodium postinstall: tar: Ignoring unknown extended header keyword 'LIBARCHIVE.xattr.com.apple.provenance'
.../@more-tech/react-native-libsodium postinstall: tar: Ignoring unknown extended header keyword 'LIBARCHIVE.xattr.com.apple.provenance'
.../@more-tech/react-native-libsodium postinstall: tar: Ignoring unknown extended header keyword 'LIBARCHIVE.xattr.com.apple.provenance'
.../@more-tech/react-native-libsodium postinstall: tar: Ignoring unknown extended header keyword 'LIBARCHIVE.xattr.com.apple.provenance'
.../@more-tech/react-native-libsodium postinstall: tar: Ignoring unknown extended header keyword 'LIBARCHIVE.xattr.com.apple.provenance'
.../@more-tech/react-native-libsodium postinstall: tar: Ignoring unknown extended header keyword 'LIBARCHIVE.xattr.com.apple.provenance'
.../@more-tech/react-native-libsodium postinstall: tar: Ignoring unknown extended header keyword 'LIBARCHIVE.xattr.com.apple.provenance'
.../@more-tech/react-native-libsodium postinstall: tar: Ignoring unknown extended header keyword 'LIBARCHIVE.xattr.com.apple.provenance'
.../@more-tech/react-native-libsodium postinstall: tar: Ignoring unknown extended header keyword 'LIBARCHIVE.xattr.com.apple.provenance'
.../@more-tech/react-native-libsodium postinstall: tar: Ignoring unknown extended header keyword 'LIBARCHIVE.xattr.com.apple.provenance'
.../@more-tech/react-native-libsodium postinstall: tar: Ignoring unknown extended header keyword 'LIBARCHIVE.xattr.com.apple.provenance'
.../@more-tech/react-native-libsodium postinstall: tar: Ignoring unknown extended header keyword 'LIBARCHIVE.xattr.com.apple.provenance'
.../@more-tech/react-native-libsodium postinstall: tar: Ignoring unknown extended header keyword 'LIBARCHIVE.xattr.com.apple.provenance'
.../@more-tech/react-native-libsodium postinstall: tar: Ignoring unknown extended header keyword 'LIBARCHIVE.xattr.com.apple.provenance'
.../@more-tech/react-native-libsodium postinstall: tar: Ignoring unknown extended header keyword 'LIBARCHIVE.xattr.com.apple.provenance'
.../@more-tech/react-native-libsodium postinstall: tar: Ignoring unknown extended header keyword 'LIBARCHIVE.xattr.com.apple.provenance'
.../@more-tech/react-native-libsodium postinstall: tar: Ignoring unknown extended header keyword 'LIBARCHIVE.xattr.com.apple.provenance'
.../@more-tech/react-native-libsodium postinstall: tar: Ignoring unknown extended header keyword 'LIBARCHIVE.xattr.com.apple.provenance'
.../@more-tech/react-native-libsodium postinstall: tar: Ignoring unknown extended header keyword 'LIBARCHIVE.xattr.com.apple.provenance'
.../@more-tech/react-native-libsodium postinstall: tar: Ignoring unknown extended header keyword 'LIBARCHIVE.xattr.com.apple.provenance'
.../@more-tech/react-native-libsodium postinstall: tar: Ignoring unknown extended header keyword 'LIBARCHIVE.xattr.com.apple.provenance'
.../@more-tech/react-native-libsodium postinstall: tar: Ignoring unknown extended header keyword 'LIBARCHIVE.xattr.com.apple.provenance'
.../@more-tech/react-native-libsodium postinstall: tar: Ignoring unknown extended header keyword 'LIBARCHIVE.xattr.com.apple.provenance'
.../@more-tech/react-native-libsodium postinstall: tar: Ignoring unknown extended header keyword 'LIBARCHIVE.xattr.com.apple.provenance'
.../@more-tech/react-native-libsodium postinstall: tar: Ignoring unknown extended header keyword 'LIBARCHIVE.xattr.com.apple.provenance'
.../@more-tech/react-native-libsodium postinstall: tar: Ignoring unknown extended header keyword 'LIBARCHIVE.xattr.com.apple.provenance'
.../@more-tech/react-native-libsodium postinstall: tar: Ignoring unknown extended header keyword 'LIBARCHIVE.xattr.com.apple.provenance'
.../@more-tech/react-native-libsodium postinstall: tar: Ignoring unknown extended header keyword 'LIBARCHIVE.xattr.com.apple.provenance'
.../@more-tech/react-native-libsodium postinstall: tar: Ignoring unknown extended header keyword 'LIBARCHIVE.xattr.com.apple.provenance'
.../@more-tech/react-native-libsodium postinstall: tar: Ignoring unknown extended header keyword 'LIBARCHIVE.xattr.com.apple.provenance'
.../@more-tech/react-native-libsodium postinstall: tar: Ignoring unknown extended header keyword 'LIBARCHIVE.xattr.com.apple.provenance'
.../@more-tech/react-native-libsodium postinstall: tar: Ignoring unknown extended header keyword 'LIBARCHIVE.xattr.com.apple.provenance'
.../@more-tech/react-native-libsodium postinstall: tar: Ignoring unknown extended header keyword 'LIBARCHIVE.xattr.com.apple.provenance'
.../@more-tech/react-native-libsodium postinstall: tar: Ignoring unknown extended header keyword 'LIBARCHIVE.xattr.com.apple.provenance'
.../@more-tech/react-native-libsodium postinstall: tar: Ignoring unknown extended header keyword 'LIBARCHIVE.xattr.com.apple.provenance'
.../@more-tech/react-native-libsodium postinstall: tar: Ignoring unknown extended header keyword 'LIBARCHIVE.xattr.com.apple.provenance'
.../@more-tech/react-native-libsodium postinstall: tar: Ignoring unknown extended header keyword 'LIBARCHIVE.xattr.com.apple.provenance'
.../@more-tech/react-native-libsodium postinstall: tar: Ignoring unknown extended header keyword 'LIBARCHIVE.xattr.com.apple.provenance'
.../@more-tech/react-native-libsodium postinstall: tar: Ignoring unknown extended header keyword 'LIBARCHIVE.xattr.com.apple.provenance'
.../@more-tech/react-native-libsodium postinstall: tar: Ignoring unknown extended header keyword 'LIBARCHIVE.xattr.com.apple.provenance'
.../@more-tech/react-native-libsodium postinstall: tar: Ignoring unknown extended header keyword 'LIBARCHIVE.xattr.com.apple.provenance'
.../@more-tech/react-native-libsodium postinstall: tar: Ignoring unknown extended header keyword 'LIBARCHIVE.xattr.com.apple.provenance'
.../@more-tech/react-native-libsodium postinstall: tar: Ignoring unknown extended header keyword 'LIBARCHIVE.xattr.com.apple.provenance'
.../@more-tech/react-native-libsodium postinstall: tar: Ignoring unknown extended header keyword 'LIBARCHIVE.xattr.com.apple.provenance'
.../@more-tech/react-native-libsodium postinstall: tar: Ignoring unknown extended header keyword 'LIBARCHIVE.xattr.com.apple.provenance'
.../@more-tech/react-native-libsodium postinstall: tar: Ignoring unknown extended header keyword 'LIBARCHIVE.xattr.com.apple.provenance'
.../@more-tech/react-native-libsodium postinstall: tar: Ignoring unknown extended header keyword 'LIBARCHIVE.xattr.com.apple.provenance'
.../@more-tech/react-native-libsodium postinstall: tar: Ignoring unknown extended header keyword 'LIBARCHIVE.xattr.com.apple.provenance'
.../@more-tech/react-native-libsodium postinstall: tar: Ignoring unknown extended header keyword 'LIBARCHIVE.xattr.com.apple.provenance'
.../@more-tech/react-native-libsodium postinstall: tar: Ignoring unknown extended header keyword 'LIBARCHIVE.xattr.com.apple.provenance'
.../@more-tech/react-native-libsodium postinstall: tar: Ignoring unknown extended header keyword 'LIBARCHIVE.xattr.com.apple.provenance'
.../@more-tech/react-native-libsodium postinstall: tar: Ignoring unknown extended header keyword 'LIBARCHIVE.xattr.com.apple.provenance'
.../@more-tech/react-native-libsodium postinstall: tar: Ignoring unknown extended header keyword 'LIBARCHIVE.xattr.com.apple.provenance'
.../@more-tech/react-native-libsodium postinstall: tar: Ignoring unknown extended header keyword 'LIBARCHIVE.xattr.com.apple.provenance'
.../@more-tech/react-native-libsodium postinstall: tar: Ignoring unknown extended header keyword 'LIBARCHIVE.xattr.com.apple.provenance'
.../@more-tech/react-native-libsodium postinstall: tar: Ignoring unknown extended header keyword 'LIBARCHIVE.xattr.com.apple.provenance'
.../@more-tech/react-native-libsodium postinstall: tar: Ignoring unknown extended header keyword 'LIBARCHIVE.xattr.com.apple.provenance'
.../@more-tech/react-native-libsodium postinstall: tar: Ignoring unknown extended header keyword 'LIBARCHIVE.xattr.com.apple.provenance'
.../@more-tech/react-native-libsodium postinstall: tar: Ignoring unknown extended header keyword 'LIBARCHIVE.xattr.com.apple.provenance'
.../@more-tech/react-native-libsodium postinstall: tar: Ignoring unknown extended header keyword 'LIBARCHIVE.xattr.com.apple.provenance'
.../@more-tech/react-native-libsodium postinstall: tar: Ignoring unknown extended header keyword 'LIBARCHIVE.xattr.com.apple.provenance'
.../@more-tech/react-native-libsodium postinstall: tar: Ignoring unknown extended header keyword 'LIBARCHIVE.xattr.com.apple.provenance'
.../@more-tech/react-native-libsodium postinstall: tar: Ignoring unknown extended header keyword 'LIBARCHIVE.xattr.com.apple.provenance'
.../@more-tech/react-native-libsodium postinstall: tar: Ignoring unknown extended header keyword 'LIBARCHIVE.xattr.com.apple.provenance'
.../@more-tech/react-native-libsodium postinstall: tar: Ignoring unknown extended header keyword 'LIBARCHIVE.xattr.com.apple.provenance'
.../@more-tech/react-native-libsodium postinstall: tar: Ignoring unknown extended header keyword 'LIBARCHIVE.xattr.com.apple.provenance'
.../@more-tech/react-native-libsodium postinstall: tar: Ignoring unknown extended header keyword 'LIBARCHIVE.xattr.com.apple.provenance'
.../@more-tech/react-native-libsodium postinstall: tar: Ignoring unknown extended header keyword 'LIBARCHIVE.xattr.com.apple.provenance'
.../@more-tech/react-native-libsodium postinstall: tar: Ignoring unknown extended header keyword 'LIBARCHIVE.xattr.com.apple.provenance'
.../@more-tech/react-native-libsodium postinstall: tar: Ignoring unknown extended header keyword 'LIBARCHIVE.xattr.com.apple.provenance'
.../@more-tech/react-native-libsodium postinstall: tar: Ignoring unknown extended header keyword 'LIBARCHIVE.xattr.com.apple.provenance'
.../@more-tech/react-native-libsodium postinstall: tar: Ignoring unknown extended header keyword 'LIBARCHIVE.xattr.com.apple.provenance'
.../@more-tech/react-native-libsodium postinstall: tar: Ignoring unknown extended header keyword 'LIBARCHIVE.xattr.com.apple.provenance'
.../@more-tech/react-native-libsodium postinstall: tar: Ignoring unknown extended header keyword 'LIBARCHIVE.xattr.com.apple.provenance'
.../@more-tech/react-native-libsodium postinstall: tar: Ignoring unknown extended header keyword 'LIBARCHIVE.xattr.com.apple.provenance'
.../@more-tech/react-native-libsodium postinstall: tar: Ignoring unknown extended header keyword 'LIBARCHIVE.xattr.com.apple.provenance'
.../@more-tech/react-native-libsodium postinstall: tar: Ignoring unknown extended header keyword 'LIBARCHIVE.xattr.com.apple.provenance'
.../@more-tech/react-native-libsodium postinstall: tar: Ignoring unknown extended header keyword 'LIBARCHIVE.xattr.com.apple.provenance'
.../@more-tech/react-native-libsodium postinstall: tar: Ignoring unknown extended header keyword 'LIBARCHIVE.xattr.com.apple.provenance'
.../@more-tech/react-native-libsodium postinstall: tar: Ignoring unknown extended header keyword 'LIBARCHIVE.xattr.com.apple.provenance'
.../@more-tech/react-native-libsodium postinstall: tar: Ignoring unknown extended header keyword 'LIBARCHIVE.xattr.com.apple.provenance'
.../@more-tech/react-native-libsodium postinstall: tar: Ignoring unknown extended header keyword 'LIBARCHIVE.xattr.com.apple.provenance'
.../@more-tech/react-native-libsodium postinstall: tar: Ignoring unknown extended header keyword 'LIBARCHIVE.xattr.com.apple.provenance'
.../@more-tech/react-native-libsodium postinstall: tar: Ignoring unknown extended header keyword 'LIBARCHIVE.xattr.com.apple.provenance'
.../@more-tech/react-native-libsodium postinstall: tar: Ignoring unknown extended header keyword 'LIBARCHIVE.xattr.com.apple.provenance'
.../@more-tech/react-native-libsodium postinstall: tar: Ignoring unknown extended header keyword 'LIBARCHIVE.xattr.com.apple.provenance'
.../@more-tech/react-native-libsodium postinstall: tar: Ignoring unknown extended header keyword 'LIBARCHIVE.xattr.com.apple.provenance'
.../@more-tech/react-native-libsodium postinstall: tar: Ignoring unknown extended header keyword 'LIBARCHIVE.xattr.com.apple.provenance'
.../@more-tech/react-native-libsodium postinstall: tar: Ignoring unknown extended header keyword 'LIBARCHIVE.xattr.com.apple.provenance'
.../@more-tech/react-native-libsodium postinstall: tar: Ignoring unknown extended header keyword 'LIBARCHIVE.xattr.com.apple.provenance'
.../@more-tech/react-native-libsodium postinstall: tar: Ignoring unknown extended header keyword 'LIBARCHIVE.xattr.com.apple.provenance'
.../@more-tech/react-native-libsodium postinstall: tar: Ignoring unknown extended header keyword 'LIBARCHIVE.xattr.com.apple.provenance'
.../@more-tech/react-native-libsodium postinstall: tar: Ignoring unknown extended header keyword 'LIBARCHIVE.xattr.com.apple.provenance'
.../@more-tech/react-native-libsodium postinstall: tar: Ignoring unknown extended header keyword 'LIBARCHIVE.xattr.com.apple.provenance'
.../@more-tech/react-native-libsodium postinstall: tar: Ignoring unknown extended header keyword 'LIBARCHIVE.xattr.com.apple.provenance'
.../@more-tech/react-native-libsodium postinstall: tar: Ignoring unknown extended header keyword 'LIBARCHIVE.xattr.com.apple.provenance'
.../@more-tech/react-native-libsodium postinstall: tar: Ignoring unknown extended header keyword 'LIBARCHIVE.xattr.com.apple.provenance'
.../@more-tech/react-native-libsodium postinstall: tar: Ignoring unknown extended header keyword 'LIBARCHIVE.xattr.com.apple.provenance'
.../@more-tech/react-native-libsodium postinstall: tar: Ignoring unknown extended header keyword 'LIBARCHIVE.xattr.com.apple.provenance'
.../@more-tech/react-native-libsodium postinstall: tar: Ignoring unknown extended header keyword 'LIBARCHIVE.xattr.com.apple.provenance'
.../@more-tech/react-native-libsodium postinstall: tar: Ignoring unknown extended header keyword 'LIBARCHIVE.xattr.com.apple.provenance'
.../@more-tech/react-native-libsodium postinstall: tar: Ignoring unknown extended header keyword 'LIBARCHIVE.xattr.com.apple.provenance'
.../@more-tech/react-native-libsodium postinstall: tar: Ignoring unknown extended header keyword 'LIBARCHIVE.xattr.com.apple.provenance'
.../@more-tech/react-native-libsodium postinstall: tar: Ignoring unknown extended header keyword 'LIBARCHIVE.xattr.com.apple.provenance'
.../@more-tech/react-native-libsodium postinstall: tar: Ignoring unknown extended header keyword 'LIBARCHIVE.xattr.com.apple.provenance'
.../@more-tech/react-native-libsodium postinstall: tar: Ignoring unknown extended header keyword 'LIBARCHIVE.xattr.com.apple.provenance'
.../@more-tech/react-native-libsodium postinstall: tar: Ignoring unknown extended header keyword 'LIBARCHIVE.xattr.com.apple.provenance'
.../@more-tech/react-native-libsodium postinstall: tar: Ignoring unknown extended header keyword 'LIBARCHIVE.xattr.com.apple.provenance'
.../@more-tech/react-native-libsodium postinstall: tar: Ignoring unknown extended header keyword 'LIBARCHIVE.xattr.com.apple.provenance'
.../@more-tech/react-native-libsodium postinstall: tar: Ignoring unknown extended header keyword 'LIBARCHIVE.xattr.com.apple.provenance'
.../@more-tech/react-native-libsodium postinstall: tar: Ignoring unknown extended header keyword 'LIBARCHIVE.xattr.com.apple.provenance'
.../@more-tech/react-native-libsodium postinstall: tar: Ignoring unknown extended header keyword 'LIBARCHIVE.xattr.com.apple.provenance'
.../@more-tech/react-native-libsodium postinstall: tar: Ignoring unknown extended header keyword 'LIBARCHIVE.xattr.com.apple.provenance'
.../@more-tech/react-native-libsodium postinstall: tar: Ignoring unknown extended header keyword 'LIBARCHIVE.xattr.com.apple.provenance'
.../@more-tech/react-native-libsodium postinstall: tar: Ignoring unknown extended header keyword 'LIBARCHIVE.xattr.com.apple.provenance'
.../@more-tech/react-native-libsodium postinstall: tar: Ignoring unknown extended header keyword 'LIBARCHIVE.xattr.com.apple.provenance'
.../@more-tech/react-native-libsodium postinstall: tar: Ignoring unknown extended header keyword 'LIBARCHIVE.xattr.com.apple.provenance'
.../@more-tech/react-native-libsodium postinstall: tar: Ignoring unknown extended header keyword 'LIBARCHIVE.xattr.com.apple.provenance'
.../@more-tech/react-native-libsodium postinstall: tar: Ignoring unknown extended header keyword 'LIBARCHIVE.xattr.com.apple.provenance'
.../@more-tech/react-native-libsodium postinstall: tar: Ignoring unknown extended header keyword 'LIBARCHIVE.xattr.com.apple.provenance'
.../@more-tech/react-native-libsodium postinstall: tar: Ignoring unknown extended header keyword 'LIBARCHIVE.xattr.com.apple.provenance'
.../@more-tech/react-native-libsodium postinstall: tar: Ignoring unknown extended header keyword 'LIBARCHIVE.xattr.com.apple.provenance'
.../@more-tech/react-native-libsodium postinstall: tar: Ignoring unknown extended header keyword 'LIBARCHIVE.xattr.com.apple.provenance'
.../@more-tech/react-native-libsodium postinstall: tar: Ignoring unknown extended header keyword 'LIBARCHIVE.xattr.com.apple.provenance'
.../@more-tech/react-native-libsodium postinstall: tar: Ignoring unknown extended header keyword 'LIBARCHIVE.xattr.com.apple.provenance'
.../@more-tech/react-native-libsodium postinstall: tar: Ignoring unknown extended header keyword 'LIBARCHIVE.xattr.com.apple.provenance'
.../@more-tech/react-native-libsodium postinstall: tar: Ignoring unknown extended header keyword 'LIBARCHIVE.xattr.com.apple.provenance'
.../@more-tech/react-native-libsodium postinstall: tar: Ignoring unknown extended header keyword 'LIBARCHIVE.xattr.com.apple.provenance'
.../@more-tech/react-native-libsodium postinstall: tar: Ignoring unknown extended header keyword 'LIBARCHIVE.xattr.com.apple.provenance'
.../@more-tech/react-native-libsodium postinstall: tar: Ignoring unknown extended header keyword 'LIBARCHIVE.xattr.com.apple.provenance'
.../@more-tech/react-native-libsodium postinstall: tar: Ignoring unknown extended header keyword 'LIBARCHIVE.xattr.com.apple.provenance'
.../@more-tech/react-native-libsodium postinstall: tar: Ignoring unknown extended header keyword 'LIBARCHIVE.xattr.com.apple.provenance'
.../@more-tech/react-native-libsodium postinstall: tar: Ignoring unknown extended header keyword 'LIBARCHIVE.xattr.com.apple.provenance'
.../@more-tech/react-native-libsodium postinstall: tar: Ignoring unknown extended header keyword 'LIBARCHIVE.xattr.com.apple.provenance'
.../@more-tech/react-native-libsodium postinstall: tar: Ignoring unknown extended header keyword 'LIBARCHIVE.xattr.com.apple.provenance'
.../@more-tech/react-native-libsodium postinstall: tar: Ignoring unknown extended header keyword 'LIBARCHIVE.xattr.com.apple.provenance'
.../@more-tech/react-native-libsodium postinstall: tar: Ignoring unknown extended header keyword 'LIBARCHIVE.xattr.com.apple.provenance'
.../@more-tech/react-native-libsodium postinstall: tar: Ignoring unknown extended header keyword 'LIBARCHIVE.xattr.com.apple.provenance'
.../@more-tech/react-native-libsodium postinstall: tar: Ignoring unknown extended header keyword 'LIBARCHIVE.xattr.com.apple.provenance'
.../@more-tech/react-native-libsodium postinstall: tar: Ignoring unknown extended header keyword 'LIBARCHIVE.xattr.com.apple.provenance'
.../@more-tech/react-native-libsodium postinstall: tar: Ignoring unknown extended header keyword 'LIBARCHIVE.xattr.com.apple.provenance'
.../@more-tech/react-native-libsodium postinstall: tar: Ignoring unknown extended header keyword 'LIBARCHIVE.xattr.com.apple.provenance'
.../@more-tech/react-native-libsodium postinstall: tar: Ignoring unknown extended header keyword 'LIBARCHIVE.xattr.com.apple.provenance'
.../@more-tech/react-native-libsodium postinstall: tar: Ignoring unknown extended header keyword 'LIBARCHIVE.xattr.com.apple.provenance'
.../@more-tech/react-native-libsodium postinstall: tar: Ignoring unknown extended header keyword 'LIBARCHIVE.xattr.com.apple.provenance'
.../@more-tech/react-native-libsodium postinstall: tar: Ignoring unknown extended header keyword 'LIBARCHIVE.xattr.com.apple.provenance'
.../@more-tech/react-native-libsodium postinstall: tar: Ignoring unknown extended header keyword 'LIBARCHIVE.xattr.com.apple.provenance'
.../@more-tech/react-native-libsodium postinstall: tar: Ignoring unknown extended header keyword 'LIBARCHIVE.xattr.com.apple.provenance'
.../@more-tech/react-native-libsodium postinstall: tar: Ignoring unknown extended header keyword 'LIBARCHIVE.xattr.com.apple.provenance'
.../@more-tech/react-native-libsodium postinstall: tar: Ignoring unknown extended header keyword 'LIBARCHIVE.xattr.com.apple.provenance'
.../@more-tech/react-native-libsodium postinstall: tar: Ignoring unknown extended header keyword 'LIBARCHIVE.xattr.com.apple.provenance'
.../@more-tech/react-native-libsodium postinstall: tar: Ignoring unknown extended header keyword 'LIBARCHIVE.xattr.com.apple.provenance'
.../@more-tech/react-native-libsodium postinstall: tar: Ignoring unknown extended header keyword 'LIBARCHIVE.xattr.com.apple.provenance'
.../@more-tech/react-native-libsodium postinstall: tar: Ignoring unknown extended header keyword 'LIBARCHIVE.xattr.com.apple.provenance'
.../@more-tech/react-native-libsodium postinstall: tar: Ignoring unknown extended header keyword 'LIBARCHIVE.xattr.com.apple.provenance'
.../@more-tech/react-native-libsodium postinstall: tar: Ignoring unknown extended header keyword 'LIBARCHIVE.xattr.com.apple.provenance'
.../@more-tech/react-native-libsodium postinstall: tar: Ignoring unknown extended header keyword 'LIBARCHIVE.xattr.com.apple.provenance'
.../@more-tech/react-native-libsodium postinstall: tar: Ignoring unknown extended header keyword 'LIBARCHIVE.xattr.com.apple.provenance'
.../@more-tech/react-native-libsodium postinstall: tar: Ignoring unknown extended header keyword 'LIBARCHIVE.xattr.com.apple.provenance'
.../@more-tech/react-native-libsodium postinstall: tar: Ignoring unknown extended header keyword 'LIBARCHIVE.xattr.com.apple.provenance'
.../@more-tech/react-native-libsodium postinstall: tar: Ignoring unknown extended header keyword 'LIBARCHIVE.xattr.com.apple.provenance'
.../@more-tech/react-native-libsodium postinstall: tar: Ignoring unknown extended header keyword 'LIBARCHIVE.xattr.com.apple.provenance'
.../@more-tech/react-native-libsodium postinstall: tar: Ignoring unknown extended header keyword 'LIBARCHIVE.xattr.com.apple.provenance'
.../@more-tech/react-native-libsodium postinstall: tar: Ignoring unknown extended header keyword 'LIBARCHIVE.xattr.com.apple.provenance'
.../@more-tech/react-native-libsodium postinstall: tar: Ignoring unknown extended header keyword 'LIBARCHIVE.xattr.com.apple.provenance'
.../@more-tech/react-native-libsodium postinstall: tar: Ignoring unknown extended header keyword 'LIBARCHIVE.xattr.com.apple.provenance'
.../@more-tech/react-native-libsodium postinstall: tar: Ignoring unknown extended header keyword 'LIBARCHIVE.xattr.com.apple.provenance'
.../@more-tech/react-native-libsodium postinstall: tar: Ignoring unknown extended header keyword 'LIBARCHIVE.xattr.com.apple.provenance'
.../@more-tech/react-native-libsodium postinstall: tar: Ignoring unknown extended header keyword 'LIBARCHIVE.xattr.com.apple.provenance'
.../@more-tech/react-native-libsodium postinstall: tar: Ignoring unknown extended header keyword 'LIBARCHIVE.xattr.com.apple.provenance'
.../@more-tech/react-native-libsodium postinstall: tar: Ignoring unknown extended header keyword 'LIBARCHIVE.xattr.com.apple.provenance'
.../@more-tech/react-native-libsodium postinstall: tar: Ignoring unknown extended header keyword 'LIBARCHIVE.xattr.com.apple.provenance'
.../@more-tech/react-native-libsodium postinstall: tar: Ignoring unknown extended header keyword 'LIBARCHIVE.xattr.com.apple.provenance'
.../@more-tech/react-native-libsodium postinstall: tar: Ignoring unknown extended header keyword 'LIBARCHIVE.xattr.com.apple.provenance'
.../@more-tech/react-native-libsodium postinstall: tar: Ignoring unknown extended header keyword 'LIBARCHIVE.xattr.com.apple.provenance'
.../@more-tech/react-native-libsodium postinstall: tar: Ignoring unknown extended header keyword 'LIBARCHIVE.xattr.com.apple.provenance'
.../@more-tech/react-native-libsodium postinstall: tar: Ignoring unknown extended header keyword 'LIBARCHIVE.xattr.com.apple.provenance'
.../@more-tech/react-native-libsodium postinstall: tar: Ignoring unknown extended header keyword 'LIBARCHIVE.xattr.com.apple.provenance'
.../@more-tech/react-native-libsodium postinstall: tar: Ignoring unknown extended header keyword 'LIBARCHIVE.xattr.com.apple.provenance'
.../@more-tech/react-native-libsodium postinstall: tar: Ignoring unknown extended header keyword 'LIBARCHIVE.xattr.com.apple.provenance'
.../@more-tech/react-native-libsodium postinstall: tar: Ignoring unknown extended header keyword 'LIBARCHIVE.xattr.com.apple.provenance'
.../@more-tech/react-native-libsodium postinstall: tar: Ignoring unknown extended header keyword 'LIBARCHIVE.xattr.com.apple.provenance'
.../@more-tech/react-native-libsodium postinstall: tar: Ignoring unknown extended header keyword 'LIBARCHIVE.xattr.com.apple.provenance'
.../@more-tech/react-native-libsodium postinstall: tar: Ignoring unknown extended header keyword 'LIBARCHIVE.xattr.com.apple.provenance'
.../@more-tech/react-native-libsodium postinstall: tar: Ignoring unknown extended header keyword 'LIBARCHIVE.xattr.com.apple.provenance'
.../@more-tech/react-native-libsodium postinstall: tar: Ignoring unknown extended header keyword 'LIBARCHIVE.xattr.com.apple.provenance'
.../@more-tech/react-native-libsodium postinstall: tar: Ignoring unknown extended header keyword 'LIBARCHIVE.xattr.com.apple.provenance'
.../@more-tech/react-native-libsodium postinstall: tar: Ignoring unknown extended header keyword 'LIBARCHIVE.xattr.com.apple.provenance'
.../@more-tech/react-native-libsodium postinstall: tar: Ignoring unknown extended header keyword 'LIBARCHIVE.xattr.com.apple.provenance'
.../@more-tech/react-native-libsodium postinstall: tar: Ignoring unknown extended header keyword 'LIBARCHIVE.xattr.com.apple.provenance'
.../@more-tech/react-native-libsodium postinstall: tar: Ignoring unknown extended header keyword 'LIBARCHIVE.xattr.com.apple.provenance'
.../@more-tech/react-native-libsodium postinstall: tar: Ignoring unknown extended header keyword 'LIBARCHIVE.xattr.com.apple.provenance'
.../@more-tech/react-native-libsodium postinstall: tar: Ignoring unknown extended header keyword 'LIBARCHIVE.xattr.com.apple.provenance'
.../@more-tech/react-native-libsodium postinstall: tar: Ignoring unknown extended header keyword 'LIBARCHIVE.xattr.com.apple.provenance'
.../@more-tech/react-native-libsodium postinstall: tar: Ignoring unknown extended header keyword 'LIBARCHIVE.xattr.com.apple.provenance'
.../@more-tech/react-native-libsodium postinstall: tar: Ignoring unknown extended header keyword 'LIBARCHIVE.xattr.com.apple.provenance'
.../@more-tech/react-native-libsodium postinstall: tar: Ignoring unknown extended header keyword 'LIBARCHIVE.xattr.com.apple.provenance'
.../@more-tech/react-native-libsodium postinstall: tar: Ignoring unknown extended header keyword 'LIBARCHIVE.xattr.com.apple.provenance'
.../@more-tech/react-native-libsodium postinstall: tar: Ignoring unknown extended header keyword 'LIBARCHIVE.xattr.com.apple.provenance'
.../@more-tech/react-native-libsodium postinstall: tar: Ignoring unknown extended header keyword 'LIBARCHIVE.xattr.com.apple.provenance'
.../@more-tech/react-native-libsodium postinstall: tar: Ignoring unknown extended header keyword 'LIBARCHIVE.xattr.com.apple.provenance'
.../@more-tech/react-native-libsodium postinstall: tar: Ignoring unknown extended header keyword 'LIBARCHIVE.xattr.com.apple.provenance'
.../@more-tech/react-native-libsodium postinstall: tar: Ignoring unknown extended header keyword 'LIBARCHIVE.xattr.com.apple.provenance'
.../@more-tech/react-native-libsodium postinstall: tar: Ignoring unknown extended header keyword 'LIBARCHIVE.xattr.com.apple.provenance'
.../@more-tech/react-native-libsodium postinstall: tar: Ignoring unknown extended header keyword 'LIBARCHIVE.xattr.com.apple.provenance'
.../@more-tech/react-native-libsodium postinstall: tar: Ignoring unknown extended header keyword 'LIBARCHIVE.xattr.com.apple.provenance'
.../@more-tech/react-native-libsodium postinstall: tar: Ignoring unknown extended header keyword 'LIBARCHIVE.xattr.com.apple.provenance'
.../@more-tech/react-native-libsodium postinstall: tar: Ignoring unknown extended header keyword 'LIBARCHIVE.xattr.com.apple.provenance'
.../@more-tech/react-native-libsodium postinstall: tar: Ignoring unknown extended header keyword 'LIBARCHIVE.xattr.com.apple.provenance'
.../@more-tech/react-native-libsodium postinstall: tar: Ignoring unknown extended header keyword 'LIBARCHIVE.xattr.com.apple.provenance'
.../@more-tech/react-native-libsodium postinstall: tar: Ignoring unknown extended header keyword 'LIBARCHIVE.xattr.com.apple.provenance'
.../@more-tech/react-native-libsodium postinstall: tar: Ignoring unknown extended header keyword 'LIBARCHIVE.xattr.com.apple.provenance'
.../@more-tech/react-native-libsodium postinstall: tar: Ignoring unknown extended header keyword 'LIBARCHIVE.xattr.com.apple.provenance'
.../@more-tech/react-native-libsodium postinstall: tar: Ignoring unknown extended header keyword 'LIBARCHIVE.xattr.com.apple.provenance'
.../@more-tech/react-native-libsodium postinstall: tar: Ignoring unknown extended header keyword 'LIBARCHIVE.xattr.com.apple.provenance'
.../@more-tech/react-native-libsodium postinstall: tar: Ignoring unknown extended header keyword 'LIBARCHIVE.xattr.com.apple.provenance'
.../@more-tech/react-native-libsodium postinstall: tar: Ignoring unknown extended header keyword 'LIBARCHIVE.xattr.com.apple.provenance'
.../@more-tech/react-native-libsodium postinstall: tar: Ignoring unknown extended header keyword 'LIBARCHIVE.xattr.com.apple.provenance'
.../@more-tech/react-native-libsodium postinstall: tar: Ignoring unknown extended header keyword 'LIBARCHIVE.xattr.com.apple.provenance'
.../@more-tech/react-native-libsodium postinstall: tar: Ignoring unknown extended header keyword 'LIBARCHIVE.xattr.com.apple.provenance'
.../@more-tech/react-native-libsodium postinstall: tar: Ignoring unknown extended header keyword 'LIBARCHIVE.xattr.com.apple.provenance'
.../@more-tech/react-native-libsodium postinstall: tar: Ignoring unknown extended header keyword 'LIBARCHIVE.xattr.com.apple.provenance'
.../@more-tech/react-native-libsodium postinstall: tar: Ignoring unknown extended header keyword 'LIBARCHIVE.xattr.com.apple.provenance'
.../@more-tech/react-native-libsodium postinstall: tar: Ignoring unknown extended header keyword 'LIBARCHIVE.xattr.com.apple.provenance'
.../@more-tech/react-native-libsodium postinstall: tar: Ignoring unknown extended header keyword 'LIBARCHIVE.xattr.com.apple.provenance'
.../@more-tech/react-native-libsodium postinstall: tar: Ignoring unknown extended header keyword 'LIBARCHIVE.xattr.com.apple.provenance'
.../@more-tech/react-native-libsodium postinstall: tar: Ignoring unknown extended header keyword 'LIBARCHIVE.xattr.com.apple.provenance'
.../@more-tech/react-native-libsodium postinstall: tar: Ignoring unknown extended header keyword 'LIBARCHIVE.xattr.com.apple.provenance'
.../@more-tech/react-native-libsodium postinstall: tar: Ignoring unknown extended header keyword 'LIBARCHIVE.xattr.com.apple.provenance'
.../@more-tech/react-native-libsodium postinstall: tar: Ignoring unknown extended header keyword 'LIBARCHIVE.xattr.com.apple.provenance'
.../@more-tech/react-native-libsodium postinstall: tar: Ignoring unknown extended header keyword 'LIBARCHIVE.xattr.com.apple.provenance'
.../@more-tech/react-native-libsodium postinstall: tar: Ignoring unknown extended header keyword 'LIBARCHIVE.xattr.com.apple.provenance'
.../@more-tech/react-native-libsodium postinstall: tar: Ignoring unknown extended header keyword 'LIBARCHIVE.xattr.com.apple.provenance'
.../@more-tech/react-native-libsodium postinstall: tar: Ignoring unknown extended header keyword 'LIBARCHIVE.xattr.com.apple.provenance'
.../@more-tech/react-native-libsodium postinstall: tar: Ignoring unknown extended header keyword 'LIBARCHIVE.xattr.com.apple.provenance'
.../@more-tech/react-native-libsodium postinstall: tar: Ignoring unknown extended header keyword 'LIBARCHIVE.xattr.com.apple.provenance'
.../@more-tech/react-native-libsodium postinstall: tar: Ignoring unknown extended header keyword 'LIBARCHIVE.xattr.com.apple.provenance'
.../@more-tech/react-native-libsodium postinstall: tar: Ignoring unknown extended header keyword 'LIBARCHIVE.xattr.com.apple.provenance'
.../@more-tech/react-native-libsodium postinstall: tar: Ignoring unknown extended header keyword 'LIBARCHIVE.xattr.com.apple.provenance'
.../@more-tech/react-native-libsodium postinstall: tar: Ignoring unknown extended header keyword 'LIBARCHIVE.xattr.com.apple.provenance'
.../@more-tech/react-native-libsodium postinstall: tar: Ignoring unknown extended header keyword 'LIBARCHIVE.xattr.com.apple.provenance'
.../@more-tech/react-native-libsodium postinstall: tar: Ignoring unknown extended header keyword 'LIBARCHIVE.xattr.com.apple.provenance'
.../@more-tech/react-native-libsodium postinstall: tar: Ignoring unknown extended header keyword 'LIBARCHIVE.xattr.com.apple.provenance'
.../@more-tech/react-native-libsodium postinstall: tar: Ignoring unknown extended header keyword 'LIBARCHIVE.xattr.com.apple.provenance'
.../@more-tech/react-native-libsodium postinstall: tar: Ignoring unknown extended header keyword 'LIBARCHIVE.xattr.com.apple.provenance'
.../@more-tech/react-native-libsodium postinstall: tar: Ignoring unknown extended header keyword 'LIBARCHIVE.xattr.com.apple.provenance'
.../@more-tech/react-native-libsodium postinstall: tar: Ignoring unknown extended header keyword 'LIBARCHIVE.xattr.com.apple.provenance'
.../@more-tech/react-native-libsodium postinstall: tar: Ignoring unknown extended header keyword 'LIBARCHIVE.xattr.com.apple.provenance'
.../@more-tech/react-native-libsodium postinstall: tar: Ignoring unknown extended header keyword 'LIBARCHIVE.xattr.com.apple.provenance'
.../@more-tech/react-native-libsodium postinstall: tar: Ignoring unknown extended header keyword 'LIBARCHIVE.xattr.com.apple.provenance'
.../@more-tech/react-native-libsodium postinstall: tar: Ignoring unknown extended header keyword 'LIBARCHIVE.xattr.com.apple.provenance'
.../@more-tech/react-native-libsodium postinstall: tar: Ignoring unknown extended header keyword 'LIBARCHIVE.xattr.com.apple.provenance'
.../@more-tech/react-native-libsodium postinstall: tar: Ignoring unknown extended header keyword 'LIBARCHIVE.xattr.com.apple.provenance'
.../@more-tech/react-native-libsodium postinstall: tar: Ignoring unknown extended header keyword 'LIBARCHIVE.xattr.com.apple.provenance'
.../@more-tech/react-native-libsodium postinstall: tar: Ignoring unknown extended header keyword 'LIBARCHIVE.xattr.com.apple.provenance'
.../@more-tech/react-native-libsodium postinstall: tar: Ignoring unknown extended header keyword 'LIBARCHIVE.xattr.com.apple.provenance'
.../@more-tech/react-native-libsodium postinstall: tar: Ignoring unknown extended header keyword 'LIBARCHIVE.xattr.com.apple.provenance'
.../@more-tech/react-native-libsodium postinstall: tar: Ignoring unknown extended header keyword 'LIBARCHIVE.xattr.com.apple.provenance'
.../@more-tech/react-native-libsodium postinstall: tar: Ignoring unknown extended header keyword 'LIBARCHIVE.xattr.com.apple.provenance'
.../@more-tech/react-native-libsodium postinstall: tar: Ignoring unknown extended header keyword 'LIBARCHIVE.xattr.com.apple.provenance'
.../@more-tech/react-native-libsodium postinstall: tar: Ignoring unknown extended header keyword 'LIBARCHIVE.xattr.com.apple.provenance'
.../@more-tech/react-native-libsodium postinstall: tar: Ignoring unknown extended header keyword 'LIBARCHIVE.xattr.com.apple.provenance'
.../@more-tech/react-native-libsodium postinstall: tar: Ignoring unknown extended header keyword 'LIBARCHIVE.xattr.com.apple.provenance'
.../@more-tech/react-native-libsodium postinstall: tar: Ignoring unknown extended header keyword 'LIBARCHIVE.xattr.com.apple.provenance'
.../@more-tech/react-native-libsodium postinstall: tar: Ignoring unknown extended header keyword 'LIBARCHIVE.xattr.com.apple.provenance'
.../@more-tech/react-native-libsodium postinstall: tar: Ignoring unknown extended header keyword 'LIBARCHIVE.xattr.com.apple.provenance'
.../@more-tech/react-native-libsodium postinstall: tar: Ignoring unknown extended header keyword 'LIBARCHIVE.xattr.com.apple.provenance'
.../@more-tech/react-native-libsodium postinstall: tar: Ignoring unknown extended header keyword 'LIBARCHIVE.xattr.com.apple.provenance'
.../@more-tech/react-native-libsodium postinstall: tar: Ignoring unknown extended header keyword 'LIBARCHIVE.xattr.com.apple.provenance'
.../@more-tech/react-native-libsodium postinstall: tar: Ignoring unknown extended header keyword 'LIBARCHIVE.xattr.com.apple.provenance'
.../@more-tech/react-native-libsodium postinstall: tar: Ignoring unknown extended header keyword 'LIBARCHIVE.xattr.com.apple.provenance'
.../@more-tech/react-native-libsodium postinstall: tar: Ignoring unknown extended header keyword 'LIBARCHIVE.xattr.com.apple.provenance'
.../@more-tech/react-native-libsodium postinstall: tar: Ignoring unknown extended header keyword 'LIBARCHIVE.xattr.com.apple.provenance'
.../@more-tech/react-native-libsodium postinstall: tar: Ignoring unknown extended header keyword 'LIBARCHIVE.xattr.com.apple.provenance'
.../@more-tech/react-native-libsodium postinstall: tar: Ignoring unknown extended header keyword 'LIBARCHIVE.xattr.com.apple.provenance'
.../@more-tech/react-native-libsodium postinstall: tar: Ignoring unknown extended header keyword 'LIBARCHIVE.xattr.com.apple.provenance'
.../@more-tech/react-native-libsodium postinstall: tar: Ignoring unknown extended header keyword 'LIBARCHIVE.xattr.com.apple.provenance'
.../@more-tech/react-native-libsodium postinstall: tar: Ignoring unknown extended header keyword 'LIBARCHIVE.xattr.com.apple.provenance'
.../@more-tech/react-native-libsodium postinstall: tar: Ignoring unknown extended header keyword 'LIBARCHIVE.xattr.com.apple.provenance'
.../@more-tech/react-native-libsodium postinstall: tar: Ignoring unknown extended header keyword 'LIBARCHIVE.xattr.com.apple.provenance'
.../@more-tech/react-native-libsodium postinstall: tar: Ignoring unknown extended header keyword 'LIBARCHIVE.xattr.com.apple.provenance'
.../@more-tech/react-native-libsodium postinstall: tar: Ignoring unknown extended header keyword 'LIBARCHIVE.xattr.com.apple.provenance'
.../@more-tech/react-native-libsodium postinstall: tar: Ignoring unknown extended header keyword 'LIBARCHIVE.xattr.com.apple.provenance'
.../@more-tech/react-native-libsodium postinstall: tar: Ignoring unknown extended header keyword 'LIBARCHIVE.xattr.com.apple.provenance'
.../@more-tech/react-native-libsodium postinstall: tar: Ignoring unknown extended header keyword 'LIBARCHIVE.xattr.com.apple.provenance'
.../@more-tech/react-native-libsodium postinstall: tar: Ignoring unknown extended header keyword 'LIBARCHIVE.xattr.com.apple.provenance'
.../@more-tech/react-native-libsodium postinstall: tar: Ignoring unknown extended header keyword 'LIBARCHIVE.xattr.com.apple.provenance'
.../@more-tech/react-native-libsodium postinstall: tar: Ignoring unknown extended header keyword 'LIBARCHIVE.xattr.com.apple.provenance'
.../@more-tech/react-native-libsodium postinstall: tar: Ignoring unknown extended header keyword 'LIBARCHIVE.xattr.com.apple.provenance'
.../@more-tech/react-native-libsodium postinstall: tar: Ignoring unknown extended header keyword 'LIBARCHIVE.xattr.com.apple.provenance'
.../@more-tech/react-native-libsodium postinstall: tar: Ignoring unknown extended header keyword 'LIBARCHIVE.xattr.com.apple.provenance'
.../@more-tech/react-native-libsodium postinstall: tar: Ignoring unknown extended header keyword 'LIBARCHIVE.xattr.com.apple.provenance'
.../@more-tech/react-native-libsodium postinstall: tar: Ignoring unknown extended header keyword 'LIBARCHIVE.xattr.com.apple.provenance'
.../@more-tech/react-native-libsodium postinstall: tar: Ignoring unknown extended header keyword 'LIBARCHIVE.xattr.com.apple.provenance'
.../@more-tech/react-native-libsodium postinstall: tar: Ignoring unknown extended header keyword 'LIBARCHIVE.xattr.com.apple.provenance'
.../@more-tech/react-native-libsodium postinstall: tar: Ignoring unknown extended header keyword 'LIBARCHIVE.xattr.com.apple.provenance'
.../@more-tech/react-native-libsodium postinstall: tar: Ignoring unknown extended header keyword 'LIBARCHIVE.xattr.com.apple.provenance'
.../@more-tech/react-native-libsodium postinstall: tar: Ignoring unknown extended header keyword 'LIBARCHIVE.xattr.com.apple.provenance'
.../@more-tech/react-native-libsodium postinstall: tar: Ignoring unknown extended header keyword 'LIBARCHIVE.xattr.com.apple.provenance'
.../@more-tech/react-native-libsodium postinstall: tar: Ignoring unknown extended header keyword 'LIBARCHIVE.xattr.com.apple.provenance'
.../@more-tech/react-native-libsodium postinstall: tar: Ignoring unknown extended header keyword 'LIBARCHIVE.xattr.com.apple.provenance'
.../@more-tech/react-native-libsodium postinstall: tar: Ignoring unknown extended header keyword 'LIBARCHIVE.xattr.com.apple.provenance'
.../@more-tech/react-native-libsodium postinstall: tar: Ignoring unknown extended header keyword 'LIBARCHIVE.xattr.com.apple.provenance'
.../@more-tech/react-native-libsodium postinstall: tar: Ignoring unknown extended header keyword 'LIBARCHIVE.xattr.com.apple.provenance'
.../@more-tech/react-native-libsodium postinstall: tar: Ignoring unknown extended header keyword 'LIBARCHIVE.xattr.com.apple.provenance'
.../@more-tech/react-native-libsodium postinstall: tar: Ignoring unknown extended header keyword 'LIBARCHIVE.xattr.com.apple.provenance'
.../@more-tech/react-native-libsodium postinstall: tar: Ignoring unknown extended header keyword 'LIBARCHIVE.xattr.com.apple.provenance'
.../@more-tech/react-native-libsodium postinstall: tar: Ignoring unknown extended header keyword 'LIBARCHIVE.xattr.com.apple.provenance'
.../@more-tech/react-native-libsodium postinstall: tar: Ignoring unknown extended header keyword 'LIBARCHIVE.xattr.com.apple.provenance'
.../@more-tech/react-native-libsodium postinstall: tar: Ignoring unknown extended header keyword 'LIBARCHIVE.xattr.com.apple.provenance'
.../@more-tech/react-native-libsodium postinstall: tar: Ignoring unknown extended header keyword 'LIBARCHIVE.xattr.com.apple.provenance'
.../@more-tech/react-native-libsodium postinstall: tar: Ignoring unknown extended header keyword 'LIBARCHIVE.xattr.com.apple.provenance'
.../@more-tech/react-native-libsodium postinstall: tar: Ignoring unknown extended header keyword 'LIBARCHIVE.xattr.com.apple.provenance'
.../@more-tech/react-native-libsodium postinstall: tar: Ignoring unknown extended header keyword 'LIBARCHIVE.xattr.com.apple.provenance'
.../@more-tech/react-native-libsodium postinstall: tar: Ignoring unknown extended header keyword 'LIBARCHIVE.xattr.com.apple.provenance'
.../@more-tech/react-native-libsodium postinstall: tar: Ignoring unknown extended header keyword 'LIBARCHIVE.xattr.com.apple.provenance'
.../@more-tech/react-native-libsodium postinstall: tar: Ignoring unknown extended header keyword 'LIBARCHIVE.xattr.com.apple.provenance'
.../@more-tech/react-native-libsodium postinstall: tar: Ignoring unknown extended header keyword 'LIBARCHIVE.xattr.com.apple.provenance'
.../@more-tech/react-native-libsodium postinstall: tar: Ignoring unknown extended header keyword 'LIBARCHIVE.xattr.com.apple.provenance'
.../@more-tech/react-native-libsodium postinstall: tar: Ignoring unknown extended header keyword 'LIBARCHIVE.xattr.com.apple.provenance'
.../@more-tech/react-native-libsodium postinstall: tar: Ignoring unknown extended header keyword 'LIBARCHIVE.xattr.com.apple.provenance'
.../@more-tech/react-native-libsodium postinstall: tar: Ignoring unknown extended header keyword 'LIBARCHIVE.xattr.com.apple.provenance'
.../@more-tech/react-native-libsodium postinstall: tar: Ignoring unknown extended header keyword 'LIBARCHIVE.xattr.com.apple.provenance'
.../@more-tech/react-native-libsodium postinstall: tar: Ignoring unknown extended header keyword 'LIBARCHIVE.xattr.com.apple.provenance'
.../@more-tech/react-native-libsodium postinstall: tar: Ignoring unknown extended header keyword 'LIBARCHIVE.xattr.com.apple.provenance'
.../@more-tech/react-native-libsodium postinstall: tar: Ignoring unknown extended header keyword 'LIBARCHIVE.xattr.com.apple.provenance'
.../@more-tech/react-native-libsodium postinstall: tar: Ignoring unknown extended header keyword 'LIBARCHIVE.xattr.com.apple.provenance'
.../@more-tech/react-native-libsodium postinstall: tar: Ignoring unknown extended header keyword 'LIBARCHIVE.xattr.com.apple.provenance'
.../@more-tech/react-native-libsodium postinstall: tar: Ignoring unknown extended header keyword 'LIBARCHIVE.xattr.com.apple.provenance'
.../@more-tech/react-native-libsodium postinstall: tar: Ignoring unknown extended header keyword 'LIBARCHIVE.xattr.com.apple.provenance'
.../@more-tech/react-native-libsodium postinstall: tar: Ignoring unknown extended header keyword 'LIBARCHIVE.xattr.com.apple.provenance'
.../@more-tech/react-native-libsodium postinstall: tar: Ignoring unknown extended header keyword 'LIBARCHIVE.xattr.com.apple.provenance'
.../@more-tech/react-native-libsodium postinstall: tar: Ignoring unknown extended header keyword 'LIBARCHIVE.xattr.com.apple.provenance'
.../@more-tech/react-native-libsodium postinstall: tar: Ignoring unknown extended header keyword 'LIBARCHIVE.xattr.com.apple.provenance'
.../@more-tech/react-native-libsodium postinstall: tar: Ignoring unknown extended header keyword 'LIBARCHIVE.xattr.com.apple.provenance'
.../@more-tech/react-native-libsodium postinstall: tar: Ignoring unknown extended header keyword 'LIBARCHIVE.xattr.com.apple.provenance'
.../@more-tech/react-native-libsodium postinstall: tar: Ignoring unknown extended header keyword 'LIBARCHIVE.xattr.com.apple.provenance'
.../@more-tech/react-native-libsodium postinstall: tar: Ignoring unknown extended header keyword 'LIBARCHIVE.xattr.com.apple.provenance'
.../@more-tech/react-native-libsodium postinstall: tar: Ignoring unknown extended header keyword 'LIBARCHIVE.xattr.com.apple.provenance'
.../@more-tech/react-native-libsodium postinstall: tar: Ignoring unknown extended header keyword 'LIBARCHIVE.xattr.com.apple.provenance'
.../@more-tech/react-native-libsodium postinstall: tar: Ignoring unknown extended header keyword 'LIBARCHIVE.xattr.com.apple.provenance'
.../@more-tech/react-native-libsodium postinstall: tar: Ignoring unknown extended header keyword 'LIBARCHIVE.xattr.com.apple.provenance'
.../@more-tech/react-native-libsodium postinstall: tar: Ignoring unknown extended header keyword 'LIBARCHIVE.xattr.com.apple.provenance'
.../@more-tech/react-native-libsodium postinstall: tar: Ignoring unknown extended header keyword 'LIBARCHIVE.xattr.com.apple.provenance'
.../@more-tech/react-native-libsodium postinstall: tar: Ignoring unknown extended header keyword 'LIBARCHIVE.xattr.com.apple.provenance'
.../@more-tech/react-native-libsodium postinstall: tar: Ignoring unknown extended header keyword 'LIBARCHIVE.xattr.com.apple.provenance'
.../@more-tech/react-native-libsodium postinstall: tar: Ignoring unknown extended header keyword 'LIBARCHIVE.xattr.com.apple.provenance'
.../@more-tech/react-native-libsodium postinstall: tar: Ignoring unknown extended header keyword 'LIBARCHIVE.xattr.com.apple.provenance'
.../@more-tech/react-native-libsodium postinstall: tar: Ignoring unknown extended header keyword 'LIBARCHIVE.xattr.com.apple.provenance'
.../@more-tech/react-native-libsodium postinstall: tar: Ignoring unknown extended header keyword 'LIBARCHIVE.xattr.com.apple.provenance'
.../@more-tech/react-native-libsodium postinstall: tar: Ignoring unknown extended header keyword 'LIBARCHIVE.xattr.com.apple.provenance'
.../@more-tech/react-native-libsodium postinstall: tar: Ignoring unknown extended header keyword 'LIBARCHIVE.xattr.com.apple.provenance'
.../@more-tech/react-native-libsodium postinstall: tar: Ignoring unknown extended header keyword 'LIBARCHIVE.xattr.com.apple.provenance'
.../@more-tech/react-native-libsodium postinstall: tar: Ignoring unknown extended header keyword 'LIBARCHIVE.xattr.com.apple.provenance'
.../@more-tech/react-native-libsodium postinstall: tar: Ignoring unknown extended header keyword 'LIBARCHIVE.xattr.com.apple.provenance'
.../@more-tech/react-native-libsodium postinstall: tar: Ignoring unknown extended header keyword 'LIBARCHIVE.xattr.com.apple.provenance'
.../@more-tech/react-native-libsodium postinstall: tar: Ignoring unknown extended header keyword 'LIBARCHIVE.xattr.com.apple.provenance'
.../@more-tech/react-native-libsodium postinstall: tar: Ignoring unknown extended header keyword 'LIBARCHIVE.xattr.com.apple.provenance'
.../@more-tech/react-native-libsodium postinstall: tar: Ignoring unknown extended header keyword 'LIBARCHIVE.xattr.com.apple.provenance'
.../@more-tech/react-native-libsodium postinstall: tar: Ignoring unknown extended header keyword 'LIBARCHIVE.xattr.com.apple.provenance'
.../@more-tech/react-native-libsodium postinstall: tar: Ignoring unknown extended header keyword 'LIBARCHIVE.xattr.com.apple.provenance'
.../@more-tech/react-native-libsodium postinstall: tar: Ignoring unknown extended header keyword 'LIBARCHIVE.xattr.com.apple.provenance'
.../@more-tech/react-native-libsodium postinstall: tar: Ignoring unknown extended header keyword 'LIBARCHIVE.xattr.com.apple.provenance'
.../@more-tech/react-native-libsodium postinstall: tar: Ignoring unknown extended header keyword 'LIBARCHIVE.xattr.com.apple.provenance'
.../@more-tech/react-native-libsodium postinstall: tar: Ignoring unknown extended header keyword 'LIBARCHIVE.xattr.com.apple.provenance'
.../@more-tech/react-native-libsodium postinstall: tar: Ignoring unknown extended header keyword 'LIBARCHIVE.xattr.com.apple.provenance'
.../@more-tech/react-native-libsodium postinstall: tar: Ignoring unknown extended header keyword 'LIBARCHIVE.xattr.com.apple.provenance'
.../@more-tech/react-native-libsodium postinstall: tar: Ignoring unknown extended header keyword 'LIBARCHIVE.xattr.com.apple.provenance'
.../@more-tech/react-native-libsodium postinstall: tar: Ignoring unknown extended header keyword 'LIBARCHIVE.xattr.com.apple.provenance'
.../@more-tech/react-native-libsodium postinstall: tar: Ignoring unknown extended header keyword 'LIBARCHIVE.xattr.com.apple.provenance'
.../@more-tech/react-native-libsodium postinstall: tar: Ignoring unknown extended header keyword 'LIBARCHIVE.xattr.com.apple.provenance'
.../@more-tech/react-native-libsodium postinstall: tar: Ignoring unknown extended header keyword 'LIBARCHIVE.xattr.com.apple.provenance'
.../@more-tech/react-native-libsodium postinstall: tar: Ignoring unknown extended header keyword 'LIBARCHIVE.xattr.com.apple.provenance'
.../@more-tech/react-native-libsodium postinstall: tar: Ignoring unknown extended header keyword 'LIBARCHIVE.xattr.com.apple.provenance'
.../@more-tech/react-native-libsodium postinstall: tar: Ignoring unknown extended header keyword 'LIBARCHIVE.xattr.com.apple.provenance'
.../@more-tech/react-native-libsodium postinstall: tar: Ignoring unknown extended header keyword 'LIBARCHIVE.xattr.com.apple.provenance'
.../@more-tech/react-native-libsodium postinstall: tar: Ignoring unknown extended header keyword 'LIBARCHIVE.xattr.com.apple.provenance'
.../@more-tech/react-native-libsodium postinstall: tar: Ignoring unknown extended header keyword 'LIBARCHIVE.xattr.com.apple.provenance'
.../@more-tech/react-native-libsodium postinstall: tar: Ignoring unknown extended header keyword 'LIBARCHIVE.xattr.com.apple.provenance'
.../@more-tech/react-native-libsodium postinstall: tar: Ignoring unknown extended header keyword 'LIBARCHIVE.xattr.com.apple.provenance'
.../@more-tech/react-native-libsodium postinstall: tar: Ignoring unknown extended header keyword 'LIBARCHIVE.xattr.com.apple.provenance'
.../@more-tech/react-native-libsodium postinstall: tar: Ignoring unknown extended header keyword 'LIBARCHIVE.xattr.com.apple.provenance'
.../@more-tech/react-native-libsodium postinstall: tar: Ignoring unknown extended header keyword 'LIBARCHIVE.xattr.com.apple.provenance'
.../@more-tech/react-native-libsodium postinstall: tar: Ignoring unknown extended header keyword 'LIBARCHIVE.xattr.com.apple.provenance'
.../@more-tech/react-native-libsodium postinstall: tar: Ignoring unknown extended header keyword 'LIBARCHIVE.xattr.com.apple.provenance'
.../@more-tech/react-native-libsodium postinstall: tar: Ignoring unknown extended header keyword 'LIBARCHIVE.xattr.com.apple.provenance'
.../@more-tech/react-native-libsodium postinstall: tar: Ignoring unknown extended header keyword 'LIBARCHIVE.xattr.com.apple.provenance'
.../@more-tech/react-native-libsodium postinstall: tar: Ignoring unknown extended header keyword 'LIBARCHIVE.xattr.com.apple.provenance'
.../@more-tech/react-native-libsodium postinstall: tar: Ignoring unknown extended header keyword 'LIBARCHIVE.xattr.com.apple.provenance'
.../@more-tech/react-native-libsodium postinstall: tar: Ignoring unknown extended header keyword 'LIBARCHIVE.xattr.com.apple.provenance'
.../@more-tech/react-native-libsodium postinstall: tar: Ignoring unknown extended header keyword 'LIBARCHIVE.xattr.com.apple.provenance'
.../@more-tech/react-native-libsodium postinstall: tar: Ignoring unknown extended header keyword 'LIBARCHIVE.xattr.com.apple.provenance'
.../@more-tech/react-native-libsodium postinstall: tar: Ignoring unknown extended header keyword 'LIBARCHIVE.xattr.com.apple.provenance'
.../@more-tech/react-native-libsodium postinstall: tar: Ignoring unknown extended header keyword 'LIBARCHIVE.xattr.com.apple.provenance'
.../@more-tech/react-native-libsodium postinstall: tar: Ignoring unknown extended header keyword 'LIBARCHIVE.xattr.com.apple.provenance'
.../@more-tech/react-native-libsodium postinstall: tar: Ignoring unknown extended header keyword 'LIBARCHIVE.xattr.com.apple.provenance'
.../@more-tech/react-native-libsodium postinstall: tar: Ignoring unknown extended header keyword 'LIBARCHIVE.xattr.com.apple.provenance'
.../@more-tech/react-native-libsodium postinstall: tar: Ignoring unknown extended header keyword 'LIBARCHIVE.xattr.com.apple.provenance'
.../@more-tech/react-native-libsodium postinstall: tar: Ignoring unknown extended header keyword 'LIBARCHIVE.xattr.com.apple.provenance'
.../@more-tech/react-native-libsodium postinstall: tar: Ignoring unknown extended header keyword 'LIBARCHIVE.xattr.com.apple.provenance'
.../@more-tech/react-native-libsodium postinstall: tar: Ignoring unknown extended header keyword 'LIBARCHIVE.xattr.com.apple.provenance'
.../@more-tech/react-native-libsodium postinstall: tar: Ignoring unknown extended header keyword 'LIBARCHIVE.xattr.com.apple.provenance'
.../@more-tech/react-native-libsodium postinstall: tar: Ignoring unknown extended header keyword 'LIBARCHIVE.xattr.com.apple.provenance'
.../@more-tech/react-native-libsodium postinstall: tar: Ignoring unknown extended header keyword 'LIBARCHIVE.xattr.com.apple.provenance'
.../@more-tech/react-native-libsodium postinstall: tar: Ignoring unknown extended header keyword 'LIBARCHIVE.xattr.com.apple.provenance'
.../@more-tech/react-native-libsodium postinstall: tar: Ignoring unknown extended header keyword 'LIBARCHIVE.xattr.com.apple.provenance'
.../@more-tech/react-native-libsodium postinstall: tar: Ignoring unknown extended header keyword 'LIBARCHIVE.xattr.com.apple.provenance'
.../@more-tech/react-native-libsodium postinstall: tar: Ignoring unknown extended header keyword 'LIBARCHIVE.xattr.com.apple.provenance'
.../@more-tech/react-native-libsodium postinstall: tar: Ignoring unknown extended header keyword 'LIBARCHIVE.xattr.com.apple.provenance'
.../@more-tech/react-native-libsodium postinstall: tar: Ignoring unknown extended header keyword 'LIBARCHIVE.xattr.com.apple.provenance'
.../@more-tech/react-native-libsodium postinstall: tar: Ignoring unknown extended header keyword 'LIBARCHIVE.xattr.com.apple.provenance'
.../@more-tech/react-native-libsodium postinstall: tar: Ignoring unknown extended header keyword 'LIBARCHIVE.xattr.com.apple.provenance'
.../@more-tech/react-native-libsodium postinstall: tar: Ignoring unknown extended header keyword 'LIBARCHIVE.xattr.com.apple.provenance'
.../@more-tech/react-native-libsodium postinstall: tar: Ignoring unknown extended header keyword 'LIBARCHIVE.xattr.com.apple.provenance'
.../@more-tech/react-native-libsodium postinstall: tar: Ignoring unknown extended header keyword 'LIBARCHIVE.xattr.com.apple.provenance'
.../@more-tech/react-native-libsodium postinstall: tar: Ignoring unknown extended header keyword 'LIBARCHIVE.xattr.com.apple.provenance'
.../@more-tech/react-native-libsodium postinstall: tar: Ignoring unknown extended header keyword 'LIBARCHIVE.xattr.com.apple.provenance'
.../@more-tech/react-native-libsodium postinstall: tar: Ignoring unknown extended header keyword 'LIBARCHIVE.xattr.com.apple.provenance'
.../@more-tech/react-native-libsodium postinstall: tar: Ignoring unknown extended header keyword 'LIBARCHIVE.xattr.com.apple.provenance'
.../@more-tech/react-native-libsodium postinstall: tar: Ignoring unknown extended header keyword 'LIBARCHIVE.xattr.com.apple.provenance'
.../@more-tech/react-native-libsodium postinstall: tar: Ignoring unknown extended header keyword 'LIBARCHIVE.xattr.com.apple.provenance'
.../@more-tech/react-native-libsodium postinstall: tar: Ignoring unknown extended header keyword 'LIBARCHIVE.xattr.com.apple.provenance'
.../@more-tech/react-native-libsodium postinstall: tar: Ignoring unknown extended header keyword 'LIBARCHIVE.xattr.com.apple.provenance'
.../@more-tech/react-native-libsodium postinstall: tar: Ignoring unknown extended header keyword 'LIBARCHIVE.xattr.com.apple.provenance'
.../@more-tech/react-native-libsodium postinstall: tar: Ignoring unknown extended header keyword 'LIBARCHIVE.xattr.com.apple.provenance'
.../@more-tech/react-native-libsodium postinstall: tar: Ignoring unknown extended header keyword 'LIBARCHIVE.xattr.com.apple.provenance'
.../@more-tech/react-native-libsodium postinstall: tar: Ignoring unknown extended header keyword 'LIBARCHIVE.xattr.com.apple.provenance'
.../@more-tech/react-native-libsodium postinstall: tar: Ignoring unknown extended header keyword 'LIBARCHIVE.xattr.com.apple.provenance'
.../@more-tech/react-native-libsodium postinstall: tar: Ignoring unknown extended header keyword 'LIBARCHIVE.xattr.com.apple.provenance'
.../@more-tech/react-native-libsodium postinstall: tar: Ignoring unknown extended header keyword 'LIBARCHIVE.xattr.com.apple.provenance'
.../@more-tech/react-native-libsodium postinstall: tar: Ignoring unknown extended header keyword 'LIBARCHIVE.xattr.com.apple.provenance'
.../@more-tech/react-native-libsodium postinstall: tar: Ignoring unknown extended header keyword 'LIBARCHIVE.xattr.com.apple.provenance'
.../@more-tech/react-native-libsodium postinstall: tar: Ignoring unknown extended header keyword 'LIBARCHIVE.xattr.com.apple.provenance'
.../@more-tech/react-native-libsodium postinstall: tar: Ignoring unknown extended header keyword 'LIBARCHIVE.xattr.com.apple.provenance'
.../@more-tech/react-native-libsodium postinstall: tar: Ignoring unknown extended header keyword 'LIBARCHIVE.xattr.com.apple.provenance'
.../@more-tech/react-native-libsodium postinstall: tar: Ignoring unknown extended header keyword 'LIBARCHIVE.xattr.com.apple.provenance'
.../@more-tech/react-native-libsodium postinstall: tar: Ignoring unknown extended header keyword 'LIBARCHIVE.xattr.com.apple.provenance'
.../@more-tech/react-native-libsodium postinstall: tar: Ignoring unknown extended header keyword 'LIBARCHIVE.xattr.com.apple.provenance'
.../@more-tech/react-native-libsodium postinstall: tar: Ignoring unknown extended header keyword 'LIBARCHIVE.xattr.com.apple.provenance'
.../@more-tech/react-native-libsodium postinstall: tar: Ignoring unknown extended header keyword 'LIBARCHIVE.xattr.com.apple.provenance'
.../@more-tech/react-native-libsodium postinstall: tar: Ignoring unknown extended header keyword 'LIBARCHIVE.xattr.com.apple.provenance'
.../@more-tech/react-native-libsodium postinstall: tar: Ignoring unknown extended header keyword 'LIBARCHIVE.xattr.com.apple.provenance'
.../@more-tech/react-native-libsodium postinstall: tar: Ignoring unknown extended header keyword 'LIBARCHIVE.xattr.com.apple.provenance'
.../@more-tech/react-native-libsodium postinstall: tar: Ignoring unknown extended header keyword 'LIBARCHIVE.xattr.com.apple.provenance'
.../@more-tech/react-native-libsodium postinstall: tar: Ignoring unknown extended header keyword 'LIBARCHIVE.xattr.com.apple.provenance'
.../@more-tech/react-native-libsodium postinstall: tar: Ignoring unknown extended header keyword 'LIBARCHIVE.xattr.com.apple.provenance'
.../@more-tech/react-native-libsodium postinstall: tar: Ignoring unknown extended header keyword 'LIBARCHIVE.xattr.com.apple.provenance'
.../@more-tech/react-native-libsodium postinstall: tar: Ignoring unknown extended header keyword 'LIBARCHIVE.xattr.com.apple.provenance'
.../@more-tech/react-native-libsodium postinstall: tar: Ignoring unknown extended header keyword 'LIBARCHIVE.xattr.com.apple.provenance'
.../@more-tech/react-native-libsodium postinstall: tar: Ignoring unknown extended header keyword 'LIBARCHIVE.xattr.com.apple.provenance'
.../@more-tech/react-native-libsodium postinstall: tar: Ignoring unknown extended header keyword 'LIBARCHIVE.xattr.com.apple.provenance'
.../@more-tech/react-native-libsodium postinstall: tar: Ignoring unknown extended header keyword 'LIBARCHIVE.xattr.com.apple.provenance'
.../@more-tech/react-native-libsodium postinstall: tar: Ignoring unknown extended header keyword 'LIBARCHIVE.xattr.com.apple.provenance'
.../@more-tech/react-native-libsodium postinstall: tar: Ignoring unknown extended header keyword 'LIBARCHIVE.xattr.com.apple.provenance'
.../@more-tech/react-native-libsodium postinstall: tar: Ignoring unknown extended header keyword 'LIBARCHIVE.xattr.com.apple.provenance'
.../@more-tech/react-native-libsodium postinstall: tar: Ignoring unknown extended header keyword 'LIBARCHIVE.xattr.com.apple.provenance'
.../@more-tech/react-native-libsodium postinstall: tar: Ignoring unknown extended header keyword 'LIBARCHIVE.xattr.com.apple.provenance'
.../@more-tech/react-native-libsodium postinstall: tar: Ignoring unknown extended header keyword 'LIBARCHIVE.xattr.com.apple.provenance'
.../@more-tech/react-native-libsodium postinstall: tar: Ignoring unknown extended header keyword 'LIBARCHIVE.xattr.com.apple.provenance'
.../@more-tech/react-native-libsodium postinstall: tar: Ignoring unknown extended header keyword 'LIBARCHIVE.xattr.com.apple.provenance'
.../@more-tech/react-native-libsodium postinstall: tar: Ignoring unknown extended header keyword 'LIBARCHIVE.xattr.com.apple.provenance'
.../@more-tech/react-native-libsodium postinstall: tar: Ignoring unknown extended header keyword 'LIBARCHIVE.xattr.com.apple.provenance'
.../@more-tech/react-native-libsodium postinstall: tar: Ignoring unknown extended header keyword 'LIBARCHIVE.xattr.com.apple.provenance'
.../@more-tech/react-native-libsodium postinstall: tar: Ignoring unknown extended header keyword 'LIBARCHIVE.xattr.com.apple.provenance'
.../@more-tech/react-native-libsodium postinstall: tar: Ignoring unknown extended header keyword 'LIBARCHIVE.xattr.com.apple.provenance'
.../@more-tech/react-native-libsodium postinstall: tar: Ignoring unknown extended header keyword 'LIBARCHIVE.xattr.com.apple.provenance'
.../@more-tech/react-native-libsodium postinstall: tar: Ignoring unknown extended header keyword 'LIBARCHIVE.xattr.com.apple.provenance'
.../@more-tech/react-native-libsodium postinstall: tar: Ignoring unknown extended header keyword 'LIBARCHIVE.xattr.com.apple.provenance'
.../@more-tech/react-native-libsodium postinstall: tar: Ignoring unknown extended header keyword 'LIBARCHIVE.xattr.com.apple.provenance'
.../@more-tech/react-native-libsodium postinstall: tar: Ignoring unknown extended header keyword 'LIBARCHIVE.xattr.com.apple.provenance'
.../@more-tech/react-native-libsodium postinstall: tar: Ignoring unknown extended header keyword 'LIBARCHIVE.xattr.com.apple.provenance'
.../@more-tech/react-native-libsodium postinstall: tar: Ignoring unknown extended header keyword 'LIBARCHIVE.xattr.com.apple.provenance'
.../@more-tech/react-native-libsodium postinstall: tar: Ignoring unknown extended header keyword 'LIBARCHIVE.xattr.com.apple.provenance'
.../@more-tech/react-native-libsodium postinstall: tar: Ignoring unknown extended header keyword 'LIBARCHIVE.xattr.com.apple.provenance'
.../@more-tech/react-native-libsodium postinstall: tar: Ignoring unknown extended header keyword 'LIBARCHIVE.xattr.com.apple.provenance'
.../@more-tech/react-native-libsodium postinstall: tar: Ignoring unknown extended header keyword 'LIBARCHIVE.xattr.com.apple.provenance'
.../@more-tech/react-native-libsodium postinstall: tar: Ignoring unknown extended header keyword 'LIBARCHIVE.xattr.com.apple.provenance'
.../@more-tech/react-native-libsodium postinstall: tar: Ignoring unknown extended header keyword 'LIBARCHIVE.xattr.com.apple.provenance'
.../@more-tech/react-native-libsodium postinstall: tar: Ignoring unknown extended header keyword 'LIBARCHIVE.xattr.com.apple.provenance'
.../@more-tech/react-native-libsodium postinstall: tar: Ignoring unknown extended header keyword 'LIBARCHIVE.xattr.com.apple.provenance'
.../@more-tech/react-native-libsodium postinstall: tar: Ignoring unknown extended header keyword 'LIBARCHIVE.xattr.com.apple.provenance'
.../@more-tech/react-native-libsodium postinstall: tar: Ignoring unknown extended header keyword 'LIBARCHIVE.xattr.com.apple.provenance'
.../@more-tech/react-native-libsodium postinstall: tar: Ignoring unknown extended header keyword 'LIBARCHIVE.xattr.com.apple.provenance'
.../@more-tech/react-native-libsodium postinstall: tar: Ignoring unknown extended header keyword 'LIBARCHIVE.xattr.com.apple.provenance'
.../@more-tech/react-native-libsodium postinstall: tar: Ignoring unknown extended header keyword 'LIBARCHIVE.xattr.com.apple.provenance'
.../@more-tech/react-native-libsodium postinstall: tar: Ignoring unknown extended header keyword 'LIBARCHIVE.xattr.com.apple.provenance'
.../@more-tech/react-native-libsodium postinstall: tar: Ignoring unknown extended header keyword 'LIBARCHIVE.xattr.com.apple.provenance'
.../@more-tech/react-native-libsodium postinstall: tar: Ignoring unknown extended header keyword 'LIBARCHIVE.xattr.com.apple.provenance'
.../@more-tech/react-native-libsodium postinstall: tar: Ignoring unknown extended header keyword 'LIBARCHIVE.xattr.com.apple.provenance'
.../@more-tech/react-native-libsodium postinstall: tar: Ignoring unknown extended header keyword 'LIBARCHIVE.xattr.com.apple.provenance'
.../@more-tech/react-native-libsodium postinstall: tar: Ignoring unknown extended header keyword 'LIBARCHIVE.xattr.com.apple.provenance'
.../@more-tech/react-native-libsodium postinstall: tar: Ignoring unknown extended header keyword 'LIBARCHIVE.xattr.com.apple.provenance'
.../@more-tech/react-native-libsodium postinstall: tar: Ignoring unknown extended header keyword 'LIBARCHIVE.xattr.com.apple.provenance'
.../@more-tech/react-native-libsodium postinstall: tar: Ignoring unknown extended header keyword 'LIBARCHIVE.xattr.com.apple.provenance'
.../@more-tech/react-native-libsodium postinstall: tar: Ignoring unknown extended header keyword 'LIBARCHIVE.xattr.com.apple.provenance'
.../@more-tech/react-native-libsodium postinstall: tar: Ignoring unknown extended header keyword 'LIBARCHIVE.xattr.com.apple.provenance'
.../@more-tech/react-native-libsodium postinstall: tar: Ignoring unknown extended header keyword 'LIBARCHIVE.xattr.com.apple.provenance'
.../@more-tech/react-native-libsodium postinstall: tar: Ignoring unknown extended header keyword 'LIBARCHIVE.xattr.com.apple.provenance'
.../@more-tech/react-native-libsodium postinstall: tar: Ignoring unknown extended header keyword 'LIBARCHIVE.xattr.com.apple.provenance'
.../@more-tech/react-native-libsodium postinstall: tar: Ignoring unknown extended header keyword 'LIBARCHIVE.xattr.com.apple.provenance'
.../@more-tech/react-native-libsodium postinstall: tar: Ignoring unknown extended header keyword 'LIBARCHIVE.xattr.com.apple.provenance'
.../@more-tech/react-native-libsodium postinstall: tar: Ignoring unknown extended header keyword 'LIBARCHIVE.xattr.com.apple.provenance'
.../@more-tech/react-native-libsodium postinstall: tar: Ignoring unknown extended header keyword 'LIBARCHIVE.xattr.com.apple.provenance'
.../@more-tech/react-native-libsodium postinstall: tar: Ignoring unknown extended header keyword 'LIBARCHIVE.xattr.com.apple.provenance'
.../@more-tech/react-native-libsodium postinstall: tar: Ignoring unknown extended header keyword 'LIBARCHIVE.xattr.com.apple.provenance'
.../@more-tech/react-native-libsodium postinstall: tar: Ignoring unknown extended header keyword 'LIBARCHIVE.xattr.com.apple.provenance'
.../@more-tech/react-native-libsodium postinstall: tar: Ignoring unknown extended header keyword 'LIBARCHIVE.xattr.com.apple.provenance'
.../@more-tech/react-native-libsodium postinstall: tar: Ignoring unknown extended header keyword 'LIBARCHIVE.xattr.com.apple.provenance'
.../@more-tech/react-native-libsodium postinstall: tar: Ignoring unknown extended header keyword 'LIBARCHIVE.xattr.com.apple.provenance'
.../@more-tech/react-native-libsodium postinstall: tar: Ignoring unknown extended header keyword 'LIBARCHIVE.xattr.com.apple.provenance'
.../@more-tech/react-native-libsodium postinstall: tar: Ignoring unknown extended header keyword 'LIBARCHIVE.xattr.com.apple.provenance'
.../@more-tech/react-native-libsodium postinstall: tar: Ignoring unknown extended header keyword 'LIBARCHIVE.xattr.com.apple.provenance'
.../@more-tech/react-native-libsodium postinstall: tar: Ignoring unknown extended header keyword 'LIBARCHIVE.xattr.com.apple.provenance'
.../@more-tech/react-native-libsodium postinstall: tar: Ignoring unknown extended header keyword 'LIBARCHIVE.xattr.com.apple.provenance'
.../@more-tech/react-native-libsodium postinstall: tar: Ignoring unknown extended header keyword 'LIBARCHIVE.xattr.com.apple.provenance'
.../@more-tech/react-native-libsodium postinstall: tar: Ignoring unknown extended header keyword 'LIBARCHIVE.xattr.com.apple.provenance'
.../@more-tech/react-native-libsodium postinstall: tar: Ignoring unknown extended header keyword 'LIBARCHIVE.xattr.com.apple.provenance'
.../@more-tech/react-native-libsodium postinstall: tar: Ignoring unknown extended header keyword 'LIBARCHIVE.xattr.com.apple.provenance'
.../@more-tech/react-native-libsodium postinstall: tar: Ignoring unknown extended header keyword 'LIBARCHIVE.xattr.com.apple.provenance'
.../@more-tech/react-native-libsodium postinstall: tar: Ignoring unknown extended header keyword 'LIBARCHIVE.xattr.com.apple.provenance'
.../@more-tech/react-native-libsodium postinstall: tar: Ignoring unknown extended header keyword 'LIBARCHIVE.xattr.com.apple.provenance'
.../@more-tech/react-native-libsodium postinstall: tar: Ignoring unknown extended header keyword 'LIBARCHIVE.xattr.com.apple.provenance'
.../@more-tech/react-native-libsodium postinstall: tar: Ignoring unknown extended header keyword 'LIBARCHIVE.xattr.com.apple.provenance'
.../@more-tech/react-native-libsodium postinstall: tar: Ignoring unknown extended header keyword 'LIBARCHIVE.xattr.com.apple.provenance'
.../@more-tech/react-native-libsodium postinstall: tar: Ignoring unknown extended header keyword 'LIBARCHIVE.xattr.com.apple.provenance'
.../@more-tech/react-native-libsodium postinstall: tar: Ignoring unknown extended header keyword 'LIBARCHIVE.xattr.com.apple.provenance'
.../@more-tech/react-native-libsodium postinstall: tar: Ignoring unknown extended header keyword 'LIBARCHIVE.xattr.com.apple.provenance'
.../@more-tech/react-native-libsodium postinstall: tar: Ignoring unknown extended header keyword 'LIBARCHIVE.xattr.com.apple.provenance'
.../@more-tech/react-native-libsodium postinstall: tar: Ignoring unknown extended header keyword 'LIBARCHIVE.xattr.com.apple.provenance'
.../@more-tech/react-native-libsodium postinstall: tar: Ignoring unknown extended header keyword 'LIBARCHIVE.xattr.com.apple.provenance'
.../@more-tech/react-native-libsodium postinstall: tar: Ignoring unknown extended header keyword 'LIBARCHIVE.xattr.com.apple.provenance'
.../@more-tech/react-native-libsodium postinstall: tar: Ignoring unknown extended header keyword 'LIBARCHIVE.xattr.com.apple.provenance'
.../@more-tech/react-native-libsodium postinstall: tar: Ignoring unknown extended header keyword 'LIBARCHIVE.xattr.com.apple.provenance'
.../@more-tech/react-native-libsodium postinstall: tar: Ignoring unknown extended header keyword 'LIBARCHIVE.xattr.com.apple.provenance'
.../@more-tech/react-native-libsodium postinstall: tar: Ignoring unknown extended header keyword 'LIBARCHIVE.xattr.com.apple.provenance'
.../@more-tech/react-native-libsodium postinstall: tar: Ignoring unknown extended header keyword 'LIBARCHIVE.xattr.com.apple.provenance'
.../@more-tech/react-native-libsodium postinstall: tar: Ignoring unknown extended header keyword 'LIBARCHIVE.xattr.com.apple.provenance'
.../@more-tech/react-native-libsodium postinstall: tar: Ignoring unknown extended header keyword 'LIBARCHIVE.xattr.com.apple.provenance'
.../@more-tech/react-native-libsodium postinstall: tar: Ignoring unknown extended header keyword 'LIBARCHIVE.xattr.com.apple.provenance'
.../@more-tech/react-native-libsodium postinstall: tar: Ignoring unknown extended header keyword 'LIBARCHIVE.xattr.com.apple.provenance'
.../@more-tech/react-native-libsodium postinstall: tar: Ignoring unknown extended header keyword 'LIBARCHIVE.xattr.com.apple.provenance'
.../@more-tech/react-native-libsodium postinstall: tar: Ignoring unknown extended header keyword 'LIBARCHIVE.xattr.com.apple.provenance'
.../@more-tech/react-native-libsodium postinstall: tar: Ignoring unknown extended header keyword 'LIBARCHIVE.xattr.com.apple.provenance'
.../@more-tech/react-native-libsodium postinstall: tar: Ignoring unknown extended header keyword 'LIBARCHIVE.xattr.com.apple.provenance'
.../@more-tech/react-native-libsodium postinstall: tar: Ignoring unknown extended header keyword 'LIBARCHIVE.xattr.com.apple.provenance'
.../@more-tech/react-native-libsodium postinstall: tar: Ignoring unknown extended header keyword 'LIBARCHIVE.xattr.com.apple.provenance'
.../@more-tech/react-native-libsodium postinstall: tar: Ignoring unknown extended header keyword 'LIBARCHIVE.xattr.com.apple.provenance'
.../@more-tech/react-native-libsodium postinstall: tar: Ignoring unknown extended header keyword 'LIBARCHIVE.xattr.com.apple.provenance'
.../@more-tech/react-native-libsodium postinstall: tar: Ignoring unknown extended header keyword 'LIBARCHIVE.xattr.com.apple.provenance'
.../@more-tech/react-native-libsodium postinstall: tar: Ignoring unknown extended header keyword 'LIBARCHIVE.xattr.com.apple.provenance'
.../@more-tech/react-native-libsodium postinstall: tar: Ignoring unknown extended header keyword 'LIBARCHIVE.xattr.com.apple.provenance'
.../@more-tech/react-native-libsodium postinstall: tar: Ignoring unknown extended header keyword 'LIBARCHIVE.xattr.com.apple.provenance'
.../@more-tech/react-native-libsodium postinstall: tar: Ignoring unknown extended header keyword 'LIBARCHIVE.xattr.com.apple.provenance'
.../@more-tech/react-native-libsodium postinstall: tar: Ignoring unknown extended header keyword 'LIBARCHIVE.xattr.com.apple.provenance'
.../@more-tech/react-native-libsodium postinstall: tar: Ignoring unknown extended header keyword 'LIBARCHIVE.xattr.com.apple.provenance'
.../@more-tech/react-native-libsodium postinstall: tar: Ignoring unknown extended header keyword 'LIBARCHIVE.xattr.com.apple.provenance'
.../@more-tech/react-native-libsodium postinstall: tar: Ignoring unknown extended header keyword 'LIBARCHIVE.xattr.com.apple.provenance'
.../@more-tech/react-native-libsodium postinstall: tar: Ignoring unknown extended header keyword 'LIBARCHIVE.xattr.com.apple.provenance'
.../@more-tech/react-native-libsodium postinstall: tar: Ignoring unknown extended header keyword 'LIBARCHIVE.xattr.com.apple.provenance'
.../@more-tech/react-native-libsodium postinstall: tar: Ignoring unknown extended header keyword 'LIBARCHIVE.xattr.com.apple.provenance'
.../@more-tech/react-native-libsodium postinstall: tar: Ignoring unknown extended header keyword 'LIBARCHIVE.xattr.com.apple.provenance'
.../@more-tech/react-native-libsodium postinstall: tar: Ignoring unknown extended header keyword 'LIBARCHIVE.xattr.com.apple.provenance'
.../@more-tech/react-native-libsodium postinstall: tar: Ignoring unknown extended header keyword 'LIBARCHIVE.xattr.com.apple.provenance'
.../@more-tech/react-native-libsodium postinstall: tar: Ignoring unknown extended header keyword 'LIBARCHIVE.xattr.com.apple.provenance'
.../@more-tech/react-native-libsodium postinstall: tar: Ignoring unknown extended header keyword 'LIBARCHIVE.xattr.com.apple.provenance'
.../@more-tech/react-native-libsodium postinstall: tar: Ignoring unknown extended header keyword 'LIBARCHIVE.xattr.com.apple.provenance'
.../@more-tech/react-native-libsodium postinstall: tar: Ignoring unknown extended header keyword 'LIBARCHIVE.xattr.com.apple.provenance'
.../@more-tech/react-native-libsodium postinstall: tar: Ignoring unknown extended header keyword 'LIBARCHIVE.xattr.com.apple.provenance'
.../@more-tech/react-native-libsodium postinstall: tar: Ignoring unknown extended header keyword 'LIBARCHIVE.xattr.com.apple.provenance'
.../@more-tech/react-native-libsodium postinstall: tar: Ignoring unknown extended header keyword 'LIBARCHIVE.xattr.com.apple.provenance'
.../@more-tech/react-native-libsodium postinstall: tar: Ignoring unknown extended header keyword 'LIBARCHIVE.xattr.com.apple.provenance'
.../@more-tech/react-native-libsodium postinstall: tar: Ignoring unknown extended header keyword 'LIBARCHIVE.xattr.com.apple.provenance'
.../@more-tech/react-native-libsodium postinstall: tar: Ignoring unknown extended header keyword 'LIBARCHIVE.xattr.com.apple.provenance'
.../@more-tech/react-native-libsodium postinstall: tar: Ignoring unknown extended header keyword 'LIBARCHIVE.xattr.com.apple.provenance'
.../@more-tech/react-native-libsodium postinstall: tar: Ignoring unknown extended header keyword 'LIBARCHIVE.xattr.com.apple.provenance'
.../@more-tech/react-native-libsodium postinstall: tar: Ignoring unknown extended header keyword 'LIBARCHIVE.xattr.com.apple.provenance'
.../@more-tech/react-native-libsodium postinstall: tar: Ignoring unknown extended header keyword 'LIBARCHIVE.xattr.com.apple.provenance'
.../@more-tech/react-native-libsodium postinstall: tar: Ignoring unknown extended header keyword 'LIBARCHIVE.xattr.com.apple.provenance'
.../@more-tech/react-native-libsodium postinstall: tar: Ignoring unknown extended header keyword 'LIBARCHIVE.xattr.com.apple.provenance'
.../@more-tech/react-native-libsodium postinstall: tar: Ignoring unknown extended header keyword 'LIBARCHIVE.xattr.com.apple.provenance'
.../@more-tech/react-native-libsodium postinstall: tar: Ignoring unknown extended header keyword 'LIBARCHIVE.xattr.com.apple.provenance'
.../@more-tech/react-native-libsodium postinstall: tar: Ignoring unknown extended header keyword 'LIBARCHIVE.xattr.com.apple.provenance'
.../@more-tech/react-native-libsodium postinstall: tar: Ignoring unknown extended header keyword 'LIBARCHIVE.xattr.com.apple.provenance'
.../@more-tech/react-native-libsodium postinstall: tar: Ignoring unknown extended header keyword 'LIBARCHIVE.xattr.com.apple.provenance'
.../@more-tech/react-native-libsodium postinstall: tar: Ignoring unknown extended header keyword 'LIBARCHIVE.xattr.com.apple.provenance'
.../@more-tech/react-native-libsodium postinstall: tar: Ignoring unknown extended header keyword 'LIBARCHIVE.xattr.com.apple.provenance'
.../@more-tech/react-native-libsodium postinstall: tar: Ignoring unknown extended header keyword 'LIBARCHIVE.xattr.com.apple.provenance'
.../@more-tech/react-native-libsodium postinstall: tar: Ignoring unknown extended header keyword 'LIBARCHIVE.xattr.com.apple.provenance'
.../@more-tech/react-native-libsodium postinstall: tar: Ignoring unknown extended header keyword 'LIBARCHIVE.xattr.com.apple.provenance'
.../@more-tech/react-native-libsodium postinstall: tar: Ignoring unknown extended header keyword 'LIBARCHIVE.xattr.com.apple.provenance'
.../@more-tech/react-native-libsodium postinstall: tar: Ignoring unknown extended header keyword 'LIBARCHIVE.xattr.com.apple.provenance'
.../@more-tech/react-native-libsodium postinstall: tar: Ignoring unknown extended header keyword 'LIBARCHIVE.xattr.com.apple.provenance'
.../@more-tech/react-native-libsodium postinstall: tar: Ignoring unknown extended header keyword 'LIBARCHIVE.xattr.com.apple.provenance'
.../@more-tech/react-native-libsodium postinstall: tar: Ignoring unknown extended header keyword 'LIBARCHIVE.xattr.com.apple.provenance'
.../@more-tech/react-native-libsodium postinstall: tar: Ignoring unknown extended header keyword 'LIBARCHIVE.xattr.com.apple.provenance'
.../@more-tech/react-native-libsodium postinstall: tar: Ignoring unknown extended header keyword 'LIBARCHIVE.xattr.com.apple.provenance'
.../@more-tech/react-native-libsodium postinstall: tar: Ignoring unknown extended header keyword 'LIBARCHIVE.xattr.com.apple.provenance'
.../@more-tech/react-native-libsodium postinstall: tar: Ignoring unknown extended header keyword 'LIBARCHIVE.xattr.com.apple.provenance'
.../@more-tech/react-native-libsodium postinstall: tar: Ignoring unknown extended header keyword 'LIBARCHIVE.xattr.com.apple.provenance'
.../@more-tech/react-native-libsodium postinstall: tar: Ignoring unknown extended header keyword 'LIBARCHIVE.xattr.com.apple.provenance'
.../@more-tech/react-native-libsodium postinstall: tar: Ignoring unknown extended header keyword 'LIBARCHIVE.xattr.com.apple.provenance'
.../@more-tech/react-native-libsodium postinstall: tar: Ignoring unknown extended header keyword 'LIBARCHIVE.xattr.com.apple.provenance'
.../@more-tech/react-native-libsodium postinstall: tar: Ignoring unknown extended header keyword 'LIBARCHIVE.xattr.com.apple.provenance'
.../@more-tech/react-native-libsodium postinstall: tar: Ignoring unknown extended header keyword 'LIBARCHIVE.xattr.com.apple.provenance'
.../@more-tech/react-native-libsodium postinstall: tar: Ignoring unknown extended header keyword 'LIBARCHIVE.xattr.com.apple.provenance'
.../@more-tech/react-native-libsodium postinstall: tar: Ignoring unknown extended header keyword 'LIBARCHIVE.xattr.com.apple.provenance'
.../@more-tech/react-native-libsodium postinstall: tar: Ignoring unknown extended header keyword 'LIBARCHIVE.xattr.com.apple.provenance'
.../@more-tech/react-native-libsodium postinstall: tar: Ignoring unknown extended header keyword 'LIBARCHIVE.xattr.com.apple.provenance'
.../@more-tech/react-native-libsodium postinstall: tar: Ignoring unknown extended header keyword 'LIBARCHIVE.xattr.com.apple.provenance'
.../@more-tech/react-native-libsodium postinstall: tar: Ignoring unknown extended header keyword 'LIBARCHIVE.xattr.com.apple.provenance'
.../@more-tech/react-native-libsodium postinstall: tar: Ignoring unknown extended header keyword 'LIBARCHIVE.xattr.com.apple.provenance'
.../@more-tech/react-native-libsodium postinstall: tar: Ignoring unknown extended header keyword 'LIBARCHIVE.xattr.com.apple.provenance'
.../@more-tech/react-native-libsodium postinstall: tar: Ignoring unknown extended header keyword 'LIBARCHIVE.xattr.com.apple.provenance'
.../@more-tech/react-native-libsodium postinstall: tar: Ignoring unknown extended header keyword 'LIBARCHIVE.xattr.com.apple.provenance'
.../@more-tech/react-native-libsodium postinstall: tar: Ignoring unknown extended header keyword 'LIBARCHIVE.xattr.com.apple.provenance'
.../@more-tech/react-native-libsodium postinstall: tar: Ignoring unknown extended header keyword 'LIBARCHIVE.xattr.com.apple.provenance'
.../@more-tech/react-native-libsodium postinstall: tar: Ignoring unknown extended header keyword 'LIBARCHIVE.xattr.com.apple.provenance'
.../@more-tech/react-native-libsodium postinstall: tar: Ignoring unknown extended header keyword 'LIBARCHIVE.xattr.com.apple.provenance'
.../@more-tech/react-native-libsodium postinstall: tar: Ignoring unknown extended header keyword 'LIBARCHIVE.xattr.com.apple.provenance'
.../@more-tech/react-native-libsodium postinstall: tar: Ignoring unknown extended header keyword 'LIBARCHIVE.xattr.com.apple.provenance'
.../@more-tech/react-native-libsodium postinstall: tar: Ignoring unknown extended header keyword 'LIBARCHIVE.xattr.com.apple.provenance'
.../@more-tech/react-native-libsodium postinstall: tar: Ignoring unknown extended header keyword 'LIBARCHIVE.xattr.com.apple.provenance'
.../@more-tech/react-native-libsodium postinstall: tar: Ignoring unknown extended header keyword 'LIBARCHIVE.xattr.com.apple.provenance'
.../@more-tech/react-native-libsodium postinstall: tar: Ignoring unknown extended header keyword 'LIBARCHIVE.xattr.com.apple.provenance'
.../@more-tech/react-native-libsodium postinstall: tar: Ignoring unknown extended header keyword 'LIBARCHIVE.xattr.com.apple.provenance'
.../@more-tech/react-native-libsodium postinstall: tar: Ignoring unknown extended header keyword 'LIBARCHIVE.xattr.com.apple.provenance'
.../@more-tech/react-native-libsodium postinstall: tar: Ignoring unknown extended header keyword 'LIBARCHIVE.xattr.com.apple.provenance'
.../@more-tech/react-native-libsodium postinstall: tar: Ignoring unknown extended header keyword 'LIBARCHIVE.xattr.com.apple.provenance'
.../@more-tech/react-native-libsodium postinstall: tar: Ignoring unknown extended header keyword 'LIBARCHIVE.xattr.com.apple.provenance'
.../@more-tech/react-native-libsodium postinstall: tar: Ignoring unknown extended header keyword 'LIBARCHIVE.xattr.com.apple.provenance'
.../@more-tech/react-native-libsodium postinstall: tar: Ignoring unknown extended header keyword 'LIBARCHIVE.xattr.com.apple.provenance'
.../@more-tech/react-native-libsodium postinstall: tar: Ignoring unknown extended header keyword 'LIBARCHIVE.xattr.com.apple.provenance'
.../@more-tech/react-native-libsodium postinstall: tar: Ignoring unknown extended header keyword 'LIBARCHIVE.xattr.com.apple.provenance'
.../@more-tech/react-native-libsodium postinstall: tar: Ignoring unknown extended header keyword 'LIBARCHIVE.xattr.com.apple.provenance'
.../@more-tech/react-native-libsodium postinstall: tar: Ignoring unknown extended header keyword 'LIBARCHIVE.xattr.com.apple.provenance'
.../@more-tech/react-native-libsodium postinstall: tar: Ignoring unknown extended header keyword 'LIBARCHIVE.xattr.com.apple.provenance'
.../@more-tech/react-native-libsodium postinstall: tar: Ignoring unknown extended header keyword 'LIBARCHIVE.xattr.com.apple.provenance'
.../@more-tech/react-native-libsodium postinstall: tar: Ignoring unknown extended header keyword 'LIBARCHIVE.xattr.com.apple.provenance'
.../@more-tech/react-native-libsodium postinstall: tar: Ignoring unknown extended header keyword 'LIBARCHIVE.xattr.com.apple.provenance'
.../@more-tech/react-native-libsodium postinstall: tar: Ignoring unknown extended header keyword 'LIBARCHIVE.xattr.com.apple.provenance'
.../@more-tech/react-native-libsodium postinstall: tar: Ignoring unknown extended header keyword 'LIBARCHIVE.xattr.com.apple.provenance'
.../@more-tech/react-native-libsodium postinstall: tar: Ignoring unknown extended header keyword 'LIBARCHIVE.xattr.com.apple.provenance'
.../@more-tech/react-native-libsodium postinstall: tar: Ignoring unknown extended header keyword 'LIBARCHIVE.xattr.com.apple.provenance'
.../@more-tech/react-native-libsodium postinstall: tar: Ignoring unknown extended header keyword 'LIBARCHIVE.xattr.com.apple.provenance'
.../@more-tech/react-native-libsodium postinstall: tar: Ignoring unknown extended header keyword 'LIBARCHIVE.xattr.com.apple.provenance'
.../@more-tech/react-native-libsodium postinstall: tar: Ignoring unknown extended header keyword 'LIBARCHIVE.xattr.com.apple.provenance'
.../@more-tech/react-native-libsodium postinstall: tar: Ignoring unknown extended header keyword 'LIBARCHIVE.xattr.com.apple.provenance'
.../@more-tech/react-native-libsodium postinstall: tar: Ignoring unknown extended header keyword 'LIBARCHIVE.xattr.com.apple.provenance'
.../@more-tech/react-native-libsodium postinstall: tar: Ignoring unknown extended header keyword 'LIBARCHIVE.xattr.com.apple.provenance'
.../@more-tech/react-native-libsodium postinstall: tar: Ignoring unknown extended header keyword 'LIBARCHIVE.xattr.com.apple.provenance'
.../@more-tech/react-native-libsodium postinstall: tar: Ignoring unknown extended header keyword 'LIBARCHIVE.xattr.com.apple.provenance'
.../@more-tech/react-native-libsodium postinstall: tar: Ignoring unknown extended header keyword 'LIBARCHIVE.xattr.com.apple.provenance'
.../@more-tech/react-native-libsodium postinstall: tar: Ignoring unknown extended header keyword 'LIBARCHIVE.xattr.com.apple.provenance'
.../@more-tech/react-native-libsodium postinstall: tar: Ignoring unknown extended header keyword 'LIBARCHIVE.xattr.com.apple.provenance'
.../@more-tech/react-native-libsodium postinstall: tar: Ignoring unknown extended header keyword 'LIBARCHIVE.xattr.com.apple.provenance'
.../@more-tech/react-native-libsodium postinstall: tar: Ignoring unknown extended header keyword 'LIBARCHIVE.xattr.com.apple.provenance'
.../@more-tech/react-native-libsodium postinstall: tar: Ignoring unknown extended header keyword 'LIBARCHIVE.xattr.com.apple.provenance'
.../@more-tech/react-native-libsodium postinstall: tar: Ignoring unknown extended header keyword 'LIBARCHIVE.xattr.com.apple.provenance'
.../@more-tech/react-native-libsodium postinstall: tar: Ignoring unknown extended header keyword 'LIBARCHIVE.xattr.com.apple.provenance'
.../@more-tech/react-native-libsodium postinstall: tar: Ignoring unknown extended header keyword 'LIBARCHIVE.xattr.com.apple.provenance'
.../@more-tech/react-native-libsodium postinstall: tar: Ignoring unknown extended header keyword 'LIBARCHIVE.xattr.com.apple.provenance'
.../@more-tech/react-native-libsodium postinstall: tar: Ignoring unknown extended header keyword 'LIBARCHIVE.xattr.com.apple.provenance'
.../@more-tech/react-native-libsodium postinstall: tar: Ignoring unknown extended header keyword 'LIBARCHIVE.xattr.com.apple.provenance'
.../@more-tech/react-native-libsodium postinstall: tar: Ignoring unknown extended header keyword 'LIBARCHIVE.xattr.com.apple.provenance'
.../@more-tech/react-native-libsodium postinstall: tar: Ignoring unknown extended header keyword 'LIBARCHIVE.xattr.com.apple.provenance'
.../@more-tech/react-native-libsodium postinstall: tar: Ignoring unknown extended header keyword 'LIBARCHIVE.xattr.com.apple.provenance'
.../@more-tech/react-native-libsodium postinstall: tar: Ignoring unknown extended header keyword 'LIBARCHIVE.xattr.com.apple.provenance'
.../@more-tech/react-native-libsodium postinstall: tar: Ignoring unknown extended header keyword 'LIBARCHIVE.xattr.com.apple.provenance'
.../@more-tech/react-native-libsodium postinstall: tar: Ignoring unknown extended header keyword 'LIBARCHIVE.xattr.com.apple.provenance'
.../@more-tech/react-native-libsodium postinstall: tar: Ignoring unknown extended header keyword 'LIBARCHIVE.xattr.com.apple.provenance'
.../@more-tech/react-native-libsodium postinstall: tar: Ignoring unknown extended header keyword 'LIBARCHIVE.xattr.com.apple.provenance'
.../@more-tech/react-native-libsodium postinstall: tar: Ignoring unknown extended header keyword 'LIBARCHIVE.xattr.com.apple.provenance'
.../@more-tech/react-native-libsodium postinstall: tar: Ignoring unknown extended header keyword 'LIBARCHIVE.xattr.com.apple.provenance'
.../@more-tech/react-native-libsodium postinstall: tar: Ignoring unknown extended header keyword 'LIBARCHIVE.xattr.com.apple.provenance'
.../@more-tech/react-native-libsodium postinstall: tar: Ignoring unknown extended header keyword 'LIBARCHIVE.xattr.com.apple.provenance'
.../@more-tech/react-native-libsodium postinstall: tar: Ignoring unknown extended header keyword 'LIBARCHIVE.xattr.com.apple.provenance'
.../@more-tech/react-native-libsodium postinstall: tar: Ignoring unknown extended header keyword 'LIBARCHIVE.xattr.com.apple.provenance'
.../@more-tech/react-native-libsodium postinstall: tar: Ignoring unknown extended header keyword 'LIBARCHIVE.xattr.com.apple.provenance'
.../@more-tech/react-native-libsodium postinstall: tar: Ignoring unknown extended header keyword 'LIBARCHIVE.xattr.com.apple.provenance'
.../@more-tech/react-native-libsodium postinstall: tar: Ignoring unknown extended header keyword 'LIBARCHIVE.xattr.com.apple.provenance'
.../@more-tech/react-native-libsodium postinstall: tar: Ignoring unknown extended header keyword 'LIBARCHIVE.xattr.com.apple.provenance'
.../@more-tech/react-native-libsodium postinstall: tar: Ignoring unknown extended header keyword 'LIBARCHIVE.xattr.com.apple.provenance'
.../@more-tech/react-native-libsodium postinstall: tar: Ignoring unknown extended header keyword 'LIBARCHIVE.xattr.com.apple.provenance'
.../@more-tech/react-native-libsodium postinstall: tar: Ignoring unknown extended header keyword 'LIBARCHIVE.xattr.com.apple.provenance'
.../@more-tech/react-native-libsodium postinstall: tar: Ignoring unknown extended header keyword 'LIBARCHIVE.xattr.com.apple.provenance'
.../@more-tech/react-native-libsodium postinstall: tar: Ignoring unknown extended header keyword 'LIBARCHIVE.xattr.com.apple.provenance'
.../@more-tech/react-native-libsodium postinstall: tar: Ignoring unknown extended header keyword 'LIBARCHIVE.xattr.com.apple.provenance'
.../@more-tech/react-native-libsodium postinstall: tar: Ignoring unknown extended header keyword 'LIBARCHIVE.xattr.com.apple.provenance'
.../@more-tech/react-native-libsodium postinstall: tar: Ignoring unknown extended header keyword 'LIBARCHIVE.xattr.com.apple.provenance'
.../@more-tech/react-native-libsodium postinstall: tar: Ignoring unknown extended header keyword 'LIBARCHIVE.xattr.com.apple.provenance'
.../@more-tech/react-native-libsodium postinstall: tar: Ignoring unknown extended header keyword 'LIBARCHIVE.xattr.com.apple.provenance'
.../@more-tech/react-native-libsodium postinstall: tar: Ignoring unknown extended header keyword 'LIBARCHIVE.xattr.com.apple.provenance'
.../@more-tech/react-native-libsodium postinstall: tar: Ignoring unknown extended header keyword 'LIBARCHIVE.xattr.com.apple.provenance'
.../@more-tech/react-native-libsodium postinstall: tar: Ignoring unknown extended header keyword 'LIBARCHIVE.xattr.com.apple.provenance'
.../@more-tech/react-native-libsodium postinstall: tar: Ignoring unknown extended header keyword 'LIBARCHIVE.xattr.com.apple.provenance'
.../@more-tech/react-native-libsodium postinstall: tar: Ignoring unknown extended header keyword 'LIBARCHIVE.xattr.com.apple.provenance'
.../@more-tech/react-native-libsodium postinstall: tar: Ignoring unknown extended header keyword 'LIBARCHIVE.xattr.com.apple.provenance'
.../@more-tech/react-native-libsodium postinstall: tar: Ignoring unknown extended header keyword 'LIBARCHIVE.xattr.com.apple.provenance'
.../@more-tech/react-native-libsodium postinstall: tar: Ignoring unknown extended header keyword 'LIBARCHIVE.xattr.com.apple.provenance'
.../@more-tech/react-native-libsodium postinstall: tar: Ignoring unknown extended header keyword 'LIBARCHIVE.xattr.com.apple.provenance'
.../@more-tech/react-native-libsodium postinstall: tar: Ignoring unknown extended header keyword 'LIBARCHIVE.xattr.com.apple.provenance'
.../@more-tech/react-native-libsodium postinstall: tar: Ignoring unknown extended header keyword 'LIBARCHIVE.xattr.com.apple.provenance'
.../@more-tech/react-native-libsodium postinstall: tar: Ignoring unknown extended header keyword 'LIBARCHIVE.xattr.com.apple.provenance'
.../@more-tech/react-native-libsodium postinstall: tar: Ignoring unknown extended header keyword 'LIBARCHIVE.xattr.com.apple.provenance'
.../@more-tech/react-native-libsodium postinstall: tar: Ignoring unknown extended header keyword 'LIBARCHIVE.xattr.com.apple.provenance'
.../@more-tech/react-native-libsodium postinstall: tar: Ignoring unknown extended header keyword 'LIBARCHIVE.xattr.com.apple.provenance'
.../@more-tech/react-native-libsodium postinstall: tar: Ignoring unknown extended header keyword 'LIBARCHIVE.xattr.com.apple.provenance'
.../@more-tech/react-native-libsodium postinstall: tar: Ignoring unknown extended header keyword 'LIBARCHIVE.xattr.com.apple.provenance'
.../@more-tech/react-native-libsodium postinstall: tar: Ignoring unknown extended header keyword 'LIBARCHIVE.xattr.com.apple.provenance'
.../@more-tech/react-native-libsodium postinstall: tar: Ignoring unknown extended header keyword 'LIBARCHIVE.xattr.com.apple.provenance'
.../@more-tech/react-native-libsodium postinstall: tar: Ignoring unknown extended header keyword 'LIBARCHIVE.xattr.com.apple.provenance'
.../@more-tech/react-native-libsodium postinstall: tar: Ignoring unknown extended header keyword 'LIBARCHIVE.xattr.com.apple.provenance'
.../@more-tech/react-native-libsodium postinstall: tar: Ignoring unknown extended header keyword 'LIBARCHIVE.xattr.com.apple.provenance'
.../@more-tech/react-native-libsodium postinstall: tar: Ignoring unknown extended header keyword 'LIBARCHIVE.xattr.com.apple.provenance'
.../@more-tech/react-native-libsodium postinstall: tar: Ignoring unknown extended header keyword 'LIBARCHIVE.xattr.com.apple.provenance'
.../@more-tech/react-native-libsodium postinstall: tar: Ignoring unknown extended header keyword 'LIBARCHIVE.xattr.com.apple.provenance'
.../@more-tech/react-native-libsodium postinstall: tar: Ignoring unknown extended header keyword 'LIBARCHIVE.xattr.com.apple.provenance'
.../@more-tech/react-native-libsodium postinstall: tar: Ignoring unknown extended header keyword 'LIBARCHIVE.xattr.com.apple.provenance'
.../@more-tech/react-native-libsodium postinstall: tar: Ignoring unknown extended header keyword 'LIBARCHIVE.xattr.com.apple.provenance'
.../@more-tech/react-native-libsodium postinstall: tar: Ignoring unknown extended header keyword 'LIBARCHIVE.xattr.com.apple.provenance'
.../@more-tech/react-native-libsodium postinstall: tar: Ignoring unknown extended header keyword 'LIBARCHIVE.xattr.com.apple.provenance'
.../@more-tech/react-native-libsodium postinstall: tar: Ignoring unknown extended header keyword 'LIBARCHIVE.xattr.com.apple.provenance'
.../@more-tech/react-native-libsodium postinstall: tar: Ignoring unknown extended header keyword 'LIBARCHIVE.xattr.com.apple.provenance'
.../@more-tech/react-native-libsodium postinstall: tar: Ignoring unknown extended header keyword 'LIBARCHIVE.xattr.com.apple.provenance'
.../@more-tech/react-native-libsodium postinstall: tar: Ignoring unknown extended header keyword 'LIBARCHIVE.xattr.com.apple.provenance'
.../@more-tech/react-native-libsodium postinstall: tar: Ignoring unknown extended header keyword 'LIBARCHIVE.xattr.com.apple.provenance'
.../@more-tech/react-native-libsodium postinstall: tar: Ignoring unknown extended header keyword 'LIBARCHIVE.xattr.com.apple.provenance'
.../@more-tech/react-native-libsodium postinstall: tar: Ignoring unknown extended header keyword 'LIBARCHIVE.xattr.com.apple.provenance'
.../@more-tech/react-native-libsodium postinstall: tar: Ignoring unknown extended header keyword 'LIBARCHIVE.xattr.com.apple.provenance'
.../@more-tech/react-native-libsodium postinstall: tar: Ignoring unknown extended header keyword 'LIBARCHIVE.xattr.com.apple.provenance'
.../@more-tech/react-native-libsodium postinstall: tar: Ignoring unknown extended header keyword 'LIBARCHIVE.xattr.com.apple.provenance'
.../@more-tech/react-native-libsodium postinstall: tar: Ignoring unknown extended header keyword 'LIBARCHIVE.xattr.com.apple.provenance'
.../@more-tech/react-native-libsodium postinstall: tar: Ignoring unknown extended header keyword 'LIBARCHIVE.xattr.com.apple.provenance'
.../@more-tech/react-native-libsodium postinstall: tar: Ignoring unknown extended header keyword 'LIBARCHIVE.xattr.com.apple.provenance'
.../@more-tech/react-native-libsodium postinstall: tar: Ignoring unknown extended header keyword 'LIBARCHIVE.xattr.com.apple.provenance'
.../@more-tech/react-native-libsodium postinstall: tar: Ignoring unknown extended header keyword 'LIBARCHIVE.xattr.com.apple.provenance'
.../@more-tech/react-native-libsodium postinstall: tar: Ignoring unknown extended header keyword 'LIBARCHIVE.xattr.com.apple.provenance'
.../@more-tech/react-native-libsodium postinstall: tar: Ignoring unknown extended header keyword 'LIBARCHIVE.xattr.com.apple.provenance'
.../@more-tech/react-native-libsodium postinstall: tar: Ignoring unknown extended header keyword 'LIBARCHIVE.xattr.com.apple.provenance'
.../@more-tech/react-native-libsodium postinstall: tar: Ignoring unknown extended header keyword 'LIBARCHIVE.xattr.com.apple.provenance'
.../@more-tech/react-native-libsodium postinstall: tar: Ignoring unknown extended header keyword 'LIBARCHIVE.xattr.com.apple.provenance'
.../@more-tech/react-native-libsodium postinstall: tar: Ignoring unknown extended header keyword 'LIBARCHIVE.xattr.com.apple.provenance'
.../@more-tech/react-native-libsodium postinstall: tar: Ignoring unknown extended header keyword 'LIBARCHIVE.xattr.com.apple.provenance'
.../@more-tech/react-native-libsodium postinstall: tar: Ignoring unknown extended header keyword 'LIBARCHIVE.xattr.com.apple.provenance'
.../@more-tech/react-native-libsodium postinstall: tar: Ignoring unknown extended header keyword 'LIBARCHIVE.xattr.com.apple.provenance'
.../@more-tech/react-native-libsodium postinstall: tar: Ignoring unknown extended header keyword 'LIBARCHIVE.xattr.com.apple.provenance'
.../@more-tech/react-native-libsodium postinstall: tar: Ignoring unknown extended header keyword 'LIBARCHIVE.xattr.com.apple.provenance'
.../@more-tech/react-native-libsodium postinstall: tar: Ignoring unknown extended header keyword 'LIBARCHIVE.xattr.com.apple.provenance'
.../@more-tech/react-native-libsodium postinstall: tar: Ignoring unknown extended header keyword 'LIBARCHIVE.xattr.com.apple.provenance'
.../@more-tech/react-native-libsodium postinstall: tar: Ignoring unknown extended header keyword 'LIBARCHIVE.xattr.com.apple.provenance'
.../@more-tech/react-native-libsodium postinstall: tar: Ignoring unknown extended header keyword 'LIBARCHIVE.xattr.com.apple.provenance'
.../@more-tech/react-native-libsodium postinstall: tar: Ignoring unknown extended header keyword 'LIBARCHIVE.xattr.com.apple.provenance'
.../@more-tech/react-native-libsodium postinstall: tar: Ignoring unknown extended header keyword 'LIBARCHIVE.xattr.com.apple.provenance'
.../@more-tech/react-native-libsodium postinstall: tar: Ignoring unknown extended header keyword 'LIBARCHIVE.xattr.com.apple.provenance'
.../@more-tech/react-native-libsodium postinstall: tar: Ignoring unknown extended header keyword 'LIBARCHIVE.xattr.com.apple.provenance'
.../@more-tech/react-native-libsodium postinstall: tar: Ignoring unknown extended header keyword 'LIBARCHIVE.xattr.com.apple.provenance'
.../@more-tech/react-native-libsodium postinstall: tar: Ignoring unknown extended header keyword 'LIBARCHIVE.xattr.com.apple.provenance'
.../@more-tech/react-native-libsodium postinstall: tar: Ignoring unknown extended header keyword 'LIBARCHIVE.xattr.com.apple.provenance'
.../@more-tech/react-native-libsodium postinstall: tar: Ignoring unknown extended header keyword 'LIBARCHIVE.xattr.com.apple.provenance'
.../@more-tech/react-native-libsodium postinstall: tar: Ignoring unknown extended header keyword 'LIBARCHIVE.xattr.com.apple.provenance'
.../@more-tech/react-native-libsodium postinstall: tar: Ignoring unknown extended header keyword 'LIBARCHIVE.xattr.com.apple.provenance'
.../@more-tech/react-native-libsodium postinstall: tar: Ignoring unknown extended header keyword 'LIBARCHIVE.xattr.com.apple.provenance'
.../@more-tech/react-native-libsodium postinstall: tar: Ignoring unknown extended header keyword 'LIBARCHIVE.xattr.com.apple.provenance'
.../@more-tech/react-native-libsodium postinstall: tar: Ignoring unknown extended header keyword 'LIBARCHIVE.xattr.com.apple.provenance'
.../@more-tech/react-native-libsodium postinstall: tar: Ignoring unknown extended header keyword 'LIBARCHIVE.xattr.com.apple.provenance'
.../@more-tech/react-native-libsodium postinstall: tar: Ignoring unknown extended header keyword 'LIBARCHIVE.xattr.com.apple.provenance'
.../@more-tech/react-native-libsodium postinstall: tar: Ignoring unknown extended header keyword 'LIBARCHIVE.xattr.com.apple.provenance'
.../@more-tech/react-native-libsodium postinstall: tar: Ignoring unknown extended header keyword 'LIBARCHIVE.xattr.com.apple.provenance'
.../@more-tech/react-native-libsodium postinstall: tar: Ignoring unknown extended header keyword 'LIBARCHIVE.xattr.com.apple.provenance'
.../@more-tech/react-native-libsodium postinstall: tar: Ignoring unknown extended header keyword 'LIBARCHIVE.xattr.com.apple.provenance'
.../@more-tech/react-native-libsodium postinstall: tar: Ignoring unknown extended header keyword 'LIBARCHIVE.xattr.com.apple.provenance'
.../@more-tech/react-native-libsodium postinstall: tar: Ignoring unknown extended header keyword 'LIBARCHIVE.xattr.com.apple.provenance'
.../@more-tech/react-native-libsodium postinstall: tar: Ignoring unknown extended header keyword 'LIBARCHIVE.xattr.com.apple.provenance'
.../@more-tech/react-native-libsodium postinstall: tar: Ignoring unknown extended header keyword 'LIBARCHIVE.xattr.com.apple.provenance'
.../@more-tech/react-native-libsodium postinstall: tar: Ignoring unknown extended header keyword 'LIBARCHIVE.xattr.com.apple.provenance'
.../@more-tech/react-native-libsodium postinstall: tar: Ignoring unknown extended header keyword 'LIBARCHIVE.xattr.com.apple.provenance'
.../@more-tech/react-native-libsodium postinstall: tar: Ignoring unknown extended header keyword 'LIBARCHIVE.xattr.com.apple.provenance'
.../@more-tech/react-native-libsodium postinstall: tar: Ignoring unknown extended header keyword 'LIBARCHIVE.xattr.com.apple.provenance'
.../@more-tech/react-native-libsodium postinstall: tar: Ignoring unknown extended header keyword 'LIBARCHIVE.xattr.com.apple.provenance'
.../@more-tech/react-native-libsodium postinstall: tar: Ignoring unknown extended header keyword 'LIBARCHIVE.xattr.com.apple.provenance'
.../@more-tech/react-native-libsodium postinstall: tar: Ignoring unknown extended header keyword 'LIBARCHIVE.xattr.com.apple.provenance'
.../@more-tech/react-native-libsodium postinstall: tar: Ignoring unknown extended header keyword 'LIBARCHIVE.xattr.com.apple.provenance'
.../@more-tech/react-native-libsodium postinstall: tar: Ignoring unknown extended header keyword 'LIBARCHIVE.xattr.com.apple.provenance'
.../@more-tech/react-native-libsodium postinstall: tar: Ignoring unknown extended header keyword 'LIBARCHIVE.xattr.com.apple.provenance'
.../@more-tech/react-native-libsodium postinstall: tar: Ignoring unknown extended header keyword 'LIBARCHIVE.xattr.com.apple.provenance'
.../@more-tech/react-native-libsodium postinstall: tar: Ignoring unknown extended header keyword 'LIBARCHIVE.xattr.com.apple.provenance'
.../@more-tech/react-native-libsodium postinstall: tar: Ignoring unknown extended header keyword 'LIBARCHIVE.xattr.com.apple.provenance'
.../@more-tech/react-native-libsodium postinstall: tar: Ignoring unknown extended header keyword 'LIBARCHIVE.xattr.com.apple.provenance'
.../@more-tech/react-native-libsodium postinstall: tar: Ignoring unknown extended header keyword 'LIBARCHIVE.xattr.com.apple.provenance'
.../@more-tech/react-native-libsodium postinstall: tar: Ignoring unknown extended header keyword 'LIBARCHIVE.xattr.com.apple.provenance'
.../@more-tech/react-native-libsodium postinstall: tar: Ignoring unknown extended header keyword 'LIBARCHIVE.xattr.com.apple.provenance'
.../@more-tech/react-native-libsodium postinstall: tar: Ignoring unknown extended header keyword 'LIBARCHIVE.xattr.com.apple.provenance'
.../@more-tech/react-native-libsodium postinstall: tar: Ignoring unknown extended header keyword 'LIBARCHIVE.xattr.com.apple.provenance'
.../@more-tech/react-native-libsodium postinstall: tar: Ignoring unknown extended header keyword 'LIBARCHIVE.xattr.com.apple.provenance'
.../@more-tech/react-native-libsodium postinstall: tar: Ignoring unknown extended header keyword 'LIBARCHIVE.xattr.com.apple.provenance'
.../@more-tech/react-native-libsodium postinstall: tar: Ignoring unknown extended header keyword 'LIBARCHIVE.xattr.com.apple.provenance'
.../@more-tech/react-native-libsodium postinstall: tar: Ignoring unknown extended header keyword 'LIBARCHIVE.xattr.com.apple.provenance'
.../@more-tech/react-native-libsodium postinstall: tar: Ignoring unknown extended header keyword 'LIBARCHIVE.xattr.com.apple.provenance'
.../@more-tech/react-native-libsodium postinstall: tar: Ignoring unknown extended header keyword 'LIBARCHIVE.xattr.com.apple.provenance'
.../@more-tech/react-native-libsodium postinstall: tar: Ignoring unknown extended header keyword 'LIBARCHIVE.xattr.com.apple.provenance'
.../@more-tech/react-native-libsodium postinstall: tar: Ignoring unknown extended header keyword 'LIBARCHIVE.xattr.com.apple.provenance'
.../@more-tech/react-native-libsodium postinstall: tar: Ignoring unknown extended header keyword 'LIBARCHIVE.xattr.com.apple.provenance'
.../@more-tech/react-native-libsodium postinstall: tar: Ignoring unknown extended header keyword 'LIBARCHIVE.xattr.com.apple.provenance'
.../@more-tech/react-native-libsodium postinstall: tar: Ignoring unknown extended header keyword 'LIBARCHIVE.xattr.com.apple.provenance'
.../@more-tech/react-native-libsodium postinstall: tar: Ignoring unknown extended header keyword 'LIBARCHIVE.xattr.com.apple.provenance'
node_modules/node-pty install: gyp http GET https://nodejs.org/download/release/v20.20.2/SHASUMS256.txt
node_modules/node-pty install: gyp http 200 https://nodejs.org/download/release/v20.20.2/SHASUMS256.txt
.../@more-tech/react-native-libsodium postinstall: tar: Ignoring unknown extended header keyword 'LIBARCHIVE.xattr.com.apple.provenance'
.../@more-tech/react-native-libsodium postinstall: tar: Ignoring unknown extended header keyword 'LIBARCHIVE.xattr.com.apple.provenance'
.../@more-tech/react-native-libsodium postinstall: tar: Ignoring unknown extended header keyword 'LIBARCHIVE.xattr.com.apple.provenance'
.../@more-tech/react-native-libsodium postinstall: tar: Ignoring unknown extended header keyword 'LIBARCHIVE.xattr.com.apple.provenance'
.../@more-tech/react-native-libsodium postinstall: tar: Ignoring unknown extended header keyword 'LIBARCHIVE.xattr.com.apple.provenance'
.../@more-tech/react-native-libsodium postinstall: tar: Ignoring unknown extended header keyword 'LIBARCHIVE.xattr.com.apple.provenance'
.../@more-tech/react-native-libsodium postinstall: tar: Ignoring unknown extended header keyword 'LIBARCHIVE.xattr.com.apple.provenance'
.../@more-tech/react-native-libsodium postinstall: tar: Ignoring unknown extended header keyword 'LIBARCHIVE.xattr.com.apple.provenance'
.../@more-tech/react-native-libsodium postinstall: tar: Ignoring unknown extended header keyword 'LIBARCHIVE.xattr.com.apple.provenance'
.../@more-tech/react-native-libsodium postinstall: tar: Ignoring unknown extended header keyword 'LIBARCHIVE.xattr.com.apple.provenance'
.../@more-tech/react-native-libsodium postinstall: tar: Ignoring unknown extended header keyword 'LIBARCHIVE.xattr.com.apple.provenance'
.../@more-tech/react-native-libsodium postinstall: tar: Ignoring unknown extended header keyword 'LIBARCHIVE.xattr.com.apple.provenance'
.../@more-tech/react-native-libsodium postinstall: tar: Ignoring unknown extended header keyword 'LIBARCHIVE.xattr.com.apple.provenance'
.../@more-tech/react-native-libsodium postinstall: tar: Ignoring unknown extended header keyword 'LIBARCHIVE.xattr.com.apple.provenance'
.../@more-tech/react-native-libsodium postinstall: tar: Ignoring unknown extended header keyword 'LIBARCHIVE.xattr.com.apple.provenance'
.../@more-tech/react-native-libsodium postinstall: tar: Ignoring unknown extended header keyword 'LIBARCHIVE.xattr.com.apple.provenance'
.../@more-tech/react-native-libsodium postinstall: tar: Ignoring unknown extended header keyword 'LIBARCHIVE.xattr.com.apple.provenance'
.../@more-tech/react-native-libsodium postinstall: tar: Ignoring unknown extended header keyword 'LIBARCHIVE.xattr.com.apple.provenance'
.../@more-tech/react-native-libsodium postinstall: tar: Ignoring unknown extended header keyword 'LIBARCHIVE.xattr.com.apple.provenance'
.../@more-tech/react-native-libsodium postinstall: tar: Ignoring unknown extended header keyword 'LIBARCHIVE.xattr.com.apple.provenance'
.../@more-tech/react-native-libsodium postinstall: tar: Ignoring unknown extended header keyword 'LIBARCHIVE.xattr.com.apple.provenance'
.../@more-tech/react-native-libsodium postinstall: tar: Ignoring unknown extended header keyword 'LIBARCHIVE.xattr.com.apple.provenance'
.../@more-tech/react-native-libsodium postinstall: tar: Ignoring unknown extended header keyword 'LIBARCHIVE.xattr.com.apple.provenance'
.../@more-tech/react-native-libsodium postinstall: tar: Ignoring unknown extended header keyword 'LIBARCHIVE.xattr.com.apple.provenance'
.../@more-tech/react-native-libsodium postinstall: tar: Ignoring unknown extended header keyword 'LIBARCHIVE.xattr.com.apple.provenance'
.../@more-tech/react-native-libsodium postinstall: tar: Ignoring unknown extended header keyword 'LIBARCHIVE.xattr.com.apple.provenance'
.../@more-tech/react-native-libsodium postinstall: tar: Ignoring unknown extended header keyword 'LIBARCHIVE.xattr.com.apple.provenance'
.../@more-tech/react-native-libsodium postinstall: tar: Ignoring unknown extended header keyword 'LIBARCHIVE.xattr.com.apple.provenance'
.../@more-tech/react-native-libsodium postinstall: tar: Ignoring unknown extended header keyword 'LIBARCHIVE.xattr.com.apple.provenance'
.../@more-tech/react-native-libsodium postinstall: tar: Ignoring unknown extended header keyword 'LIBARCHIVE.xattr.com.apple.provenance'
.../@more-tech/react-native-libsodium postinstall: tar: Ignoring unknown extended header keyword 'LIBARCHIVE.xattr.com.apple.provenance'
.../@more-tech/react-native-libsodium postinstall: tar: Ignoring unknown extended header keyword 'LIBARCHIVE.xattr.com.apple.provenance'
.../@more-tech/react-native-libsodium postinstall: tar: Ignoring unknown extended header keyword 'LIBARCHIVE.xattr.com.apple.provenance'
.../@more-tech/react-native-libsodium postinstall: tar: Ignoring unknown extended header keyword 'LIBARCHIVE.xattr.com.apple.provenance'
.../@more-tech/react-native-libsodium postinstall: tar: Ignoring unknown extended header keyword 'LIBARCHIVE.xattr.com.apple.provenance'
.../@more-tech/react-native-libsodium postinstall: tar: Ignoring unknown extended header keyword 'LIBARCHIVE.xattr.com.apple.provenance'
.../@more-tech/react-native-libsodium postinstall: tar: Ignoring unknown extended header keyword 'LIBARCHIVE.xattr.com.apple.provenance'
.../@more-tech/react-native-libsodium postinstall: tar: Ignoring unknown extended header keyword 'LIBARCHIVE.xattr.com.apple.provenance'
.../@more-tech/react-native-libsodium postinstall: tar: Ignoring unknown extended header keyword 'LIBARCHIVE.xattr.com.apple.provenance'
.../@more-tech/react-native-libsodium postinstall: tar: Ignoring unknown extended header keyword 'LIBARCHIVE.xattr.com.apple.provenance'
.../@more-tech/react-native-libsodium postinstall: tar: Ignoring unknown extended header keyword 'LIBARCHIVE.xattr.com.apple.provenance'
.../@more-tech/react-native-libsodium postinstall: tar: Ignoring unknown extended header keyword 'LIBARCHIVE.xattr.com.apple.provenance'
.../@more-tech/react-native-libsodium postinstall: tar: Ignoring unknown extended header keyword 'LIBARCHIVE.xattr.com.apple.provenance'
.../@more-tech/react-native-libsodium postinstall: tar: Ignoring unknown extended header keyword 'LIBARCHIVE.xattr.com.apple.provenance'
.../@more-tech/react-native-libsodium postinstall: tar: Ignoring unknown extended header keyword 'LIBARCHIVE.xattr.com.apple.provenance'
.../@more-tech/react-native-libsodium postinstall: tar: Ignoring unknown extended header keyword 'LIBARCHIVE.xattr.com.apple.provenance'
.../@more-tech/react-native-libsodium postinstall: tar: Ignoring unknown extended header keyword 'LIBARCHIVE.xattr.com.apple.provenance'
.../@more-tech/react-native-libsodium postinstall: tar: Ignoring unknown extended header keyword 'LIBARCHIVE.xattr.com.apple.provenance'
.../@more-tech/react-native-libsodium postinstall: tar: Ignoring unknown extended header keyword 'LIBARCHIVE.xattr.com.apple.provenance'
.../@more-tech/react-native-libsodium postinstall: tar: Ignoring unknown extended header keyword 'LIBARCHIVE.xattr.com.apple.provenance'
.../@more-tech/react-native-libsodium postinstall: tar: Ignoring unknown extended header keyword 'LIBARCHIVE.xattr.com.apple.provenance'
.../@more-tech/react-native-libsodium postinstall: tar: Ignoring unknown extended header keyword 'LIBARCHIVE.xattr.com.apple.provenance'
.../@more-tech/react-native-libsodium postinstall: tar: Ignoring unknown extended header keyword 'LIBARCHIVE.xattr.com.apple.provenance'
.../@more-tech/react-native-libsodium postinstall: tar: Ignoring unknown extended header keyword 'LIBARCHIVE.xattr.com.apple.provenance'
.../@more-tech/react-native-libsodium postinstall: tar: Ignoring unknown extended header keyword 'LIBARCHIVE.xattr.com.apple.provenance'
.../@more-tech/react-native-libsodium postinstall: tar: Ignoring unknown extended header keyword 'LIBARCHIVE.xattr.com.apple.provenance'
.../@more-tech/react-native-libsodium postinstall: tar: Ignoring unknown extended header keyword 'LIBARCHIVE.xattr.com.apple.provenance'
.../@more-tech/react-native-libsodium postinstall: tar: Ignoring unknown extended header keyword 'LIBARCHIVE.xattr.com.apple.provenance'
.../@more-tech/react-native-libsodium postinstall: tar: Ignoring unknown extended header keyword 'LIBARCHIVE.xattr.com.apple.provenance'
.../@more-tech/react-native-libsodium postinstall: tar: Ignoring unknown extended header keyword 'LIBARCHIVE.xattr.com.apple.provenance'
.../@more-tech/react-native-libsodium postinstall: tar: Ignoring unknown extended header keyword 'LIBARCHIVE.xattr.com.apple.provenance'
.../@more-tech/react-native-libsodium postinstall: tar: Ignoring unknown extended header keyword 'LIBARCHIVE.xattr.com.apple.provenance'
.../@more-tech/react-native-libsodium postinstall: tar: Ignoring unknown extended header keyword 'LIBARCHIVE.xattr.com.apple.provenance'
.../@more-tech/react-native-libsodium postinstall: tar: Ignoring unknown extended header keyword 'LIBARCHIVE.xattr.com.apple.provenance'
.../@more-tech/react-native-libsodium postinstall: tar: Ignoring unknown extended header keyword 'LIBARCHIVE.xattr.com.apple.provenance'
.../@more-tech/react-native-libsodium postinstall: tar: Ignoring unknown extended header keyword 'LIBARCHIVE.xattr.com.apple.provenance'
.../@more-tech/react-native-libsodium postinstall: tar: Ignoring unknown extended header keyword 'LIBARCHIVE.xattr.com.apple.provenance'
.../@more-tech/react-native-libsodium postinstall: tar: Ignoring unknown extended header keyword 'LIBARCHIVE.xattr.com.apple.provenance'
.../@more-tech/react-native-libsodium postinstall: tar: Ignoring unknown extended header keyword 'LIBARCHIVE.xattr.com.apple.provenance'
.../@more-tech/react-native-libsodium postinstall: tar: Ignoring unknown extended header keyword 'LIBARCHIVE.xattr.com.apple.provenance'
.../@more-tech/react-native-libsodium postinstall: tar: Ignoring unknown extended header keyword 'LIBARCHIVE.xattr.com.apple.provenance'
.../@more-tech/react-native-libsodium postinstall: tar: Ignoring unknown extended header keyword 'LIBARCHIVE.xattr.com.apple.provenance'
.../@more-tech/react-native-libsodium postinstall: tar: Ignoring unknown extended header keyword 'LIBARCHIVE.xattr.com.apple.provenance'
.../@more-tech/react-native-libsodium postinstall: tar: Ignoring unknown extended header keyword 'LIBARCHIVE.xattr.com.apple.provenance'
.../@more-tech/react-native-libsodium postinstall: tar: Ignoring unknown extended header keyword 'LIBARCHIVE.xattr.com.apple.provenance'
.../@more-tech/react-native-libsodium postinstall: tar: Ignoring unknown extended header keyword 'LIBARCHIVE.xattr.com.apple.provenance'
.../@more-tech/react-native-libsodium postinstall: tar: Ignoring unknown extended header keyword 'LIBARCHIVE.xattr.com.apple.provenance'
.../@more-tech/react-native-libsodium postinstall: tar: Ignoring unknown extended header keyword 'LIBARCHIVE.xattr.com.apple.provenance'
.../@more-tech/react-native-libsodium postinstall: tar: Ignoring unknown extended header keyword 'LIBARCHIVE.xattr.com.apple.provenance'
.../@more-tech/react-native-libsodium postinstall: tar: Ignoring unknown extended header keyword 'LIBARCHIVE.xattr.com.apple.provenance'
.../@more-tech/react-native-libsodium postinstall: tar: Ignoring unknown extended header keyword 'LIBARCHIVE.xattr.com.apple.provenance'
.../@more-tech/react-native-libsodium postinstall: tar: Ignoring unknown extended header keyword 'LIBARCHIVE.xattr.com.apple.provenance'
.../@more-tech/react-native-libsodium postinstall: tar: Ignoring unknown extended header keyword 'LIBARCHIVE.xattr.com.apple.provenance'
.../@more-tech/react-native-libsodium postinstall: tar: Ignoring unknown extended header keyword 'LIBARCHIVE.xattr.com.apple.provenance'
.../@more-tech/react-native-libsodium postinstall: tar: Ignoring unknown extended header keyword 'LIBARCHIVE.xattr.com.apple.provenance'
.../@more-tech/react-native-libsodium postinstall: tar: Ignoring unknown extended header keyword 'LIBARCHIVE.xattr.com.apple.provenance'
.../@more-tech/react-native-libsodium postinstall: tar: Ignoring unknown extended header keyword 'LIBARCHIVE.xattr.com.apple.provenance'
.../@more-tech/react-native-libsodium postinstall: tar: Ignoring unknown extended header keyword 'LIBARCHIVE.xattr.com.apple.provenance'
.../@more-tech/react-native-libsodium postinstall: tar: Ignoring unknown extended header keyword 'LIBARCHIVE.xattr.com.apple.provenance'
.../@more-tech/react-native-libsodium postinstall: tar: Ignoring unknown extended header keyword 'LIBARCHIVE.xattr.com.apple.provenance'
.../@more-tech/react-native-libsodium postinstall: tar: Ignoring unknown extended header keyword 'LIBARCHIVE.xattr.com.apple.provenance'
.../@more-tech/react-native-libsodium postinstall: tar: Ignoring unknown extended header keyword 'LIBARCHIVE.xattr.com.apple.provenance'
.../@more-tech/react-native-libsodium postinstall: tar: Ignoring unknown extended header keyword 'LIBARCHIVE.xattr.com.apple.provenance'
.../@more-tech/react-native-libsodium postinstall: tar: Ignoring unknown extended header keyword 'LIBARCHIVE.xattr.com.apple.provenance'
.../@more-tech/react-native-libsodium postinstall: tar: Ignoring unknown extended header keyword 'LIBARCHIVE.xattr.com.apple.provenance'
.../@more-tech/react-native-libsodium postinstall: tar: Ignoring unknown extended header keyword 'LIBARCHIVE.xattr.com.apple.provenance'
.../@more-tech/react-native-libsodium postinstall: tar: Ignoring unknown extended header keyword 'LIBARCHIVE.xattr.com.apple.provenance'
.../@more-tech/react-native-libsodium postinstall: tar: Ignoring unknown extended header keyword 'LIBARCHIVE.xattr.com.apple.provenance'
.../@more-tech/react-native-libsodium postinstall: tar: Ignoring unknown extended header keyword 'LIBARCHIVE.xattr.com.apple.provenance'
.../@more-tech/react-native-libsodium postinstall: tar: Ignoring unknown extended header keyword 'LIBARCHIVE.xattr.com.apple.provenance'
.../@more-tech/react-native-libsodium postinstall: tar: Ignoring unknown extended header keyword 'LIBARCHIVE.xattr.com.apple.provenance'
.../@more-tech/react-native-libsodium postinstall: tar: Ignoring unknown extended header keyword 'LIBARCHIVE.xattr.com.apple.provenance'
.../@more-tech/react-native-libsodium postinstall: tar: Ignoring unknown extended header keyword 'LIBARCHIVE.xattr.com.apple.provenance'
.../@more-tech/react-native-libsodium postinstall: tar: Ignoring unknown extended header keyword 'LIBARCHIVE.xattr.com.apple.provenance'
.../@more-tech/react-native-libsodium postinstall: tar: Ignoring unknown extended header keyword 'LIBARCHIVE.xattr.com.apple.provenance'
.../@more-tech/react-native-libsodium postinstall: tar: Ignoring unknown extended header keyword 'LIBARCHIVE.xattr.com.apple.provenance'
.../@more-tech/react-native-libsodium postinstall: tar: Ignoring unknown extended header keyword 'LIBARCHIVE.xattr.com.apple.provenance'
.../@more-tech/react-native-libsodium postinstall: tar: Ignoring unknown extended header keyword 'LIBARCHIVE.xattr.com.apple.provenance'
.../@more-tech/react-native-libsodium postinstall: tar: Ignoring unknown extended header keyword 'LIBARCHIVE.xattr.com.apple.provenance'
.../@more-tech/react-native-libsodium postinstall: tar: Ignoring unknown extended header keyword 'LIBARCHIVE.xattr.com.apple.provenance'
.../@more-tech/react-native-libsodium postinstall: tar: Ignoring unknown extended header keyword 'LIBARCHIVE.xattr.com.apple.provenance'
.../@more-tech/react-native-libsodium postinstall: tar: Ignoring unknown extended header keyword 'LIBARCHIVE.xattr.com.apple.provenance'
.../@more-tech/react-native-libsodium postinstall: tar: Ignoring unknown extended header keyword 'LIBARCHIVE.xattr.com.apple.provenance'
.../@more-tech/react-native-libsodium postinstall: tar: Ignoring unknown extended header keyword 'LIBARCHIVE.xattr.com.apple.provenance'
.../@more-tech/react-native-libsodium postinstall: tar: Ignoring unknown extended header keyword 'LIBARCHIVE.xattr.com.apple.provenance'
.../@more-tech/react-native-libsodium postinstall: tar: Ignoring unknown extended header keyword 'LIBARCHIVE.xattr.com.apple.provenance'
.../@more-tech/react-native-libsodium postinstall: tar: Ignoring unknown extended header keyword 'LIBARCHIVE.xattr.com.apple.provenance'
.../@more-tech/react-native-libsodium postinstall: tar: Ignoring unknown extended header keyword 'LIBARCHIVE.xattr.com.apple.provenance'
.../@more-tech/react-native-libsodium postinstall: tar: Ignoring unknown extended header keyword 'LIBARCHIVE.xattr.com.apple.provenance'
.../@more-tech/react-native-libsodium postinstall: tar: Ignoring unknown extended header keyword 'LIBARCHIVE.xattr.com.apple.provenance'
.../@more-tech/react-native-libsodium postinstall: tar: Ignoring unknown extended header keyword 'LIBARCHIVE.xattr.com.apple.provenance'
.../@more-tech/react-native-libsodium postinstall: tar: Ignoring unknown extended header keyword 'LIBARCHIVE.xattr.com.apple.provenance'
.../@more-tech/react-native-libsodium postinstall: tar: Ignoring unknown extended header keyword 'LIBARCHIVE.xattr.com.apple.provenance'
.../@more-tech/react-native-libsodium postinstall: tar: Ignoring unknown extended header keyword 'LIBARCHIVE.xattr.com.apple.provenance'
.../@more-tech/react-native-libsodium postinstall: tar: Ignoring unknown extended header keyword 'LIBARCHIVE.xattr.com.apple.provenance'
.../@more-tech/react-native-libsodium postinstall: tar: Ignoring unknown extended header keyword 'LIBARCHIVE.xattr.com.apple.provenance'
.../@more-tech/react-native-libsodium postinstall: tar: Ignoring unknown extended header keyword 'LIBARCHIVE.xattr.com.apple.provenance'
.../@more-tech/react-native-libsodium postinstall: tar: Ignoring unknown extended header keyword 'LIBARCHIVE.xattr.com.apple.provenance'
.../@more-tech/react-native-libsodium postinstall: tar: Ignoring unknown extended header keyword 'LIBARCHIVE.xattr.com.apple.provenance'
.../@more-tech/react-native-libsodium postinstall: tar: Ignoring unknown extended header keyword 'LIBARCHIVE.xattr.com.apple.provenance'
.../@more-tech/react-native-libsodium postinstall: tar: Ignoring unknown extended header keyword 'LIBARCHIVE.xattr.com.apple.provenance'
.../@more-tech/react-native-libsodium postinstall: tar: Ignoring unknown extended header keyword 'LIBARCHIVE.xattr.com.apple.provenance'
.../@more-tech/react-native-libsodium postinstall: tar: Ignoring unknown extended header keyword 'LIBARCHIVE.xattr.com.apple.provenance'
.../@more-tech/react-native-libsodium postinstall: tar: Ignoring unknown extended header keyword 'LIBARCHIVE.xattr.com.apple.provenance'
.../@more-tech/react-native-libsodium postinstall: tar: Ignoring unknown extended header keyword 'LIBARCHIVE.xattr.com.apple.provenance'
.../@more-tech/react-native-libsodium postinstall: tar: Ignoring unknown extended header keyword 'LIBARCHIVE.xattr.com.apple.provenance'
.../@more-tech/react-native-libsodium postinstall: tar: Ignoring unknown extended header keyword 'LIBARCHIVE.xattr.com.apple.provenance'
.../@more-tech/react-native-libsodium postinstall: tar: Ignoring unknown extended header keyword 'LIBARCHIVE.xattr.com.apple.provenance'
.../@more-tech/react-native-libsodium postinstall: tar: Ignoring unknown extended header keyword 'LIBARCHIVE.xattr.com.apple.provenance'
.../@more-tech/react-native-libsodium postinstall: tar: Ignoring unknown extended header keyword 'LIBARCHIVE.xattr.com.apple.provenance'
.../@more-tech/react-native-libsodium postinstall: tar: Ignoring unknown extended header keyword 'LIBARCHIVE.xattr.com.apple.provenance'
.../@more-tech/react-native-libsodium postinstall: tar: Ignoring unknown extended header keyword 'LIBARCHIVE.xattr.com.apple.provenance'
.../@more-tech/react-native-libsodium postinstall: tar: Ignoring unknown extended header keyword 'LIBARCHIVE.xattr.com.apple.provenance'
.../@more-tech/react-native-libsodium postinstall: tar: Ignoring unknown extended header keyword 'LIBARCHIVE.xattr.com.apple.provenance'
.../@more-tech/react-native-libsodium postinstall: tar: Ignoring unknown extended header keyword 'LIBARCHIVE.xattr.com.apple.provenance'
.../@more-tech/react-native-libsodium postinstall: tar: Ignoring unknown extended header keyword 'LIBARCHIVE.xattr.com.apple.provenance'
.../@more-tech/react-native-libsodium postinstall: tar: Ignoring unknown extended header keyword 'LIBARCHIVE.xattr.com.apple.provenance'
.../@more-tech/react-native-libsodium postinstall: tar: Ignoring unknown extended header keyword 'LIBARCHIVE.xattr.com.apple.provenance'
.../@more-tech/react-native-libsodium postinstall: tar: Ignoring unknown extended header keyword 'LIBARCHIVE.xattr.com.apple.provenance'
.../@more-tech/react-native-libsodium postinstall: tar: Ignoring unknown extended header keyword 'LIBARCHIVE.xattr.com.apple.provenance'
.../@more-tech/react-native-libsodium postinstall: tar: Ignoring unknown extended header keyword 'LIBARCHIVE.xattr.com.apple.provenance'
.../@more-tech/react-native-libsodium postinstall: tar: Ignoring unknown extended header keyword 'LIBARCHIVE.xattr.com.apple.provenance'
.../@more-tech/react-native-libsodium postinstall: tar: Ignoring unknown extended header keyword 'LIBARCHIVE.xattr.com.apple.provenance'
.../@more-tech/react-native-libsodium postinstall: tar: Ignoring unknown extended header keyword 'LIBARCHIVE.xattr.com.apple.provenance'
.../@more-tech/react-native-libsodium postinstall: tar: Ignoring unknown extended header keyword 'LIBARCHIVE.xattr.com.apple.provenance'
.../@more-tech/react-native-libsodium postinstall: tar: Ignoring unknown extended header keyword 'LIBARCHIVE.xattr.com.apple.provenance'
.../@more-tech/react-native-libsodium postinstall: tar: Ignoring unknown extended header keyword 'LIBARCHIVE.xattr.com.apple.provenance'
.../@more-tech/react-native-libsodium postinstall: tar: Ignoring unknown extended header keyword 'LIBARCHIVE.xattr.com.apple.provenance'
.../@more-tech/react-native-libsodium postinstall: tar: Ignoring unknown extended header keyword 'LIBARCHIVE.xattr.com.apple.provenance'
.../@more-tech/react-native-libsodium postinstall: tar: Ignoring unknown extended header keyword 'LIBARCHIVE.xattr.com.apple.provenance'
.../@more-tech/react-native-libsodium postinstall: tar: Ignoring unknown extended header keyword 'LIBARCHIVE.xattr.com.apple.provenance'
.../@more-tech/react-native-libsodium postinstall: tar: Ignoring unknown extended header keyword 'LIBARCHIVE.xattr.com.apple.provenance'
.../@more-tech/react-native-libsodium postinstall: tar: Ignoring unknown extended header keyword 'LIBARCHIVE.xattr.com.apple.provenance'
.../@more-tech/react-native-libsodium postinstall: tar: Ignoring unknown extended header keyword 'LIBARCHIVE.xattr.com.apple.provenance'
.../@more-tech/react-native-libsodium postinstall: tar: Ignoring unknown extended header keyword 'LIBARCHIVE.xattr.com.apple.provenance'
.../@more-tech/react-native-libsodium postinstall: tar: Ignoring unknown extended header keyword 'LIBARCHIVE.xattr.com.apple.provenance'
.../@more-tech/react-native-libsodium postinstall: tar: Ignoring unknown extended header keyword 'LIBARCHIVE.xattr.com.apple.provenance'
.../@more-tech/react-native-libsodium postinstall: tar: Ignoring unknown extended header keyword 'LIBARCHIVE.xattr.com.apple.provenance'
.../@more-tech/react-native-libsodium postinstall: tar: Ignoring unknown extended header keyword 'LIBARCHIVE.xattr.com.apple.provenance'
.../@more-tech/react-native-libsodium postinstall: tar: Ignoring unknown extended header keyword 'LIBARCHIVE.xattr.com.apple.provenance'
.../@more-tech/react-native-libsodium postinstall: tar: Ignoring unknown extended header keyword 'LIBARCHIVE.xattr.com.apple.provenance'
.../@more-tech/react-native-libsodium postinstall: tar: Ignoring unknown extended header keyword 'LIBARCHIVE.xattr.com.apple.provenance'
.../@more-tech/react-native-libsodium postinstall: tar: Ignoring unknown extended header keyword 'LIBARCHIVE.xattr.com.apple.provenance'
.../@more-tech/react-native-libsodium postinstall: tar: Ignoring unknown extended header keyword 'LIBARCHIVE.xattr.com.apple.provenance'
.../@more-tech/react-native-libsodium postinstall: tar: Ignoring unknown extended header keyword 'LIBARCHIVE.xattr.com.apple.provenance'
.../@more-tech/react-native-libsodium postinstall: tar: Ignoring unknown extended header keyword 'LIBARCHIVE.xattr.com.apple.provenance'
.../@more-tech/react-native-libsodium postinstall: tar: Ignoring unknown extended header keyword 'LIBARCHIVE.xattr.com.apple.provenance'
.../@more-tech/react-native-libsodium postinstall: tar: Ignoring unknown extended header keyword 'LIBARCHIVE.xattr.com.apple.provenance'
.../@more-tech/react-native-libsodium postinstall: tar: Ignoring unknown extended header keyword 'LIBARCHIVE.xattr.com.apple.provenance'
.../@more-tech/react-native-libsodium postinstall: tar: Ignoring unknown extended header keyword 'LIBARCHIVE.xattr.com.apple.provenance'
.../@more-tech/react-native-libsodium postinstall: tar: Ignoring unknown extended header keyword 'LIBARCHIVE.xattr.com.apple.provenance'
.../@more-tech/react-native-libsodium postinstall: tar: Ignoring unknown extended header keyword 'LIBARCHIVE.xattr.com.apple.provenance'
.../@more-tech/react-native-libsodium postinstall: tar: Ignoring unknown extended header keyword 'LIBARCHIVE.xattr.com.apple.provenance'
.../@more-tech/react-native-libsodium postinstall: tar: Ignoring unknown extended header keyword 'LIBARCHIVE.xattr.com.apple.provenance'
.../@more-tech/react-native-libsodium postinstall: tar: Ignoring unknown extended header keyword 'LIBARCHIVE.xattr.com.apple.provenance'
.../@more-tech/react-native-libsodium postinstall: tar: Ignoring unknown extended header keyword 'LIBARCHIVE.xattr.com.apple.provenance'
.../@more-tech/react-native-libsodium postinstall: tar: Ignoring unknown extended header keyword 'LIBARCHIVE.xattr.com.apple.provenance'
.../@more-tech/react-native-libsodium postinstall: tar: Ignoring unknown extended header keyword 'LIBARCHIVE.xattr.com.apple.provenance'
.../@more-tech/react-native-libsodium postinstall: tar: Ignoring unknown extended header keyword 'LIBARCHIVE.xattr.com.apple.provenance'
.../@more-tech/react-native-libsodium postinstall: tar: Ignoring unknown extended header keyword 'LIBARCHIVE.xattr.com.apple.provenance'
.../@more-tech/react-native-libsodium postinstall: tar: Ignoring unknown extended header keyword 'LIBARCHIVE.xattr.com.apple.provenance'
.../@more-tech/react-native-libsodium postinstall: tar: Ignoring unknown extended header keyword 'LIBARCHIVE.xattr.com.apple.provenance'
.../@more-tech/react-native-libsodium postinstall: tar: Ignoring unknown extended header keyword 'LIBARCHIVE.xattr.com.apple.provenance'
.../@more-tech/react-native-libsodium postinstall: tar: Ignoring unknown extended header keyword 'LIBARCHIVE.xattr.com.apple.provenance'
.../@more-tech/react-native-libsodium postinstall: tar: Ignoring unknown extended header keyword 'LIBARCHIVE.xattr.com.apple.provenance'
.../@more-tech/react-native-libsodium postinstall: tar: Ignoring unknown extended header keyword 'LIBARCHIVE.xattr.com.apple.provenance'
.../@more-tech/react-native-libsodium postinstall: tar: Ignoring unknown extended header keyword 'LIBARCHIVE.xattr.com.apple.provenance'
.../@more-tech/react-native-libsodium postinstall: tar: Ignoring unknown extended header keyword 'LIBARCHIVE.xattr.com.apple.provenance'
.../@more-tech/react-native-libsodium postinstall: tar: Ignoring unknown extended header keyword 'LIBARCHIVE.xattr.com.apple.provenance'
.../@more-tech/react-native-libsodium postinstall: tar: Ignoring unknown extended header keyword 'LIBARCHIVE.xattr.com.apple.provenance'
.../@more-tech/react-native-libsodium postinstall: tar: Ignoring unknown extended header keyword 'LIBARCHIVE.xattr.com.apple.provenance'
.../@more-tech/react-native-libsodium postinstall: tar: Ignoring unknown extended header keyword 'LIBARCHIVE.xattr.com.apple.provenance'
.../@more-tech/react-native-libsodium postinstall: tar: Ignoring unknown extended header keyword 'LIBARCHIVE.xattr.com.apple.provenance'
.../@more-tech/react-native-libsodium postinstall: tar: Ignoring unknown extended header keyword 'LIBARCHIVE.xattr.com.apple.provenance'
.../@more-tech/react-native-libsodium postinstall: tar: Ignoring unknown extended header keyword 'LIBARCHIVE.xattr.com.apple.provenance'
.../@more-tech/react-native-libsodium postinstall: tar: Ignoring unknown extended header keyword 'LIBARCHIVE.xattr.com.apple.provenance'
.../@more-tech/react-native-libsodium postinstall: tar: Ignoring unknown extended header keyword 'LIBARCHIVE.xattr.com.apple.provenance'
.../@more-tech/react-native-libsodium postinstall: tar: Ignoring unknown extended header keyword 'LIBARCHIVE.xattr.com.apple.provenance'
.../@more-tech/react-native-libsodium postinstall: tar: Ignoring unknown extended header keyword 'LIBARCHIVE.xattr.com.apple.provenance'
.../@more-tech/react-native-libsodium postinstall: tar: Ignoring unknown extended header keyword 'LIBARCHIVE.xattr.com.apple.provenance'
.../@more-tech/react-native-libsodium postinstall: tar: Ignoring unknown extended header keyword 'LIBARCHIVE.xattr.com.apple.provenance'
.../@more-tech/react-native-libsodium postinstall: tar: Ignoring unknown extended header keyword 'LIBARCHIVE.xattr.com.apple.provenance'
.../@more-tech/react-native-libsodium postinstall: tar: Ignoring unknown extended header keyword 'LIBARCHIVE.xattr.com.apple.provenance'
.../@more-tech/react-native-libsodium postinstall: tar: Ignoring unknown extended header keyword 'LIBARCHIVE.xattr.com.apple.provenance'
.../@more-tech/react-native-libsodium postinstall: tar: Ignoring unknown extended header keyword 'LIBARCHIVE.xattr.com.apple.provenance'
.../@more-tech/react-native-libsodium postinstall: tar: Ignoring unknown extended header keyword 'LIBARCHIVE.xattr.com.apple.provenance'
.../@more-tech/react-native-libsodium postinstall: tar: Ignoring unknown extended header keyword 'LIBARCHIVE.xattr.com.apple.provenance'
.../@more-tech/react-native-libsodium postinstall: tar: Ignoring unknown extended header keyword 'LIBARCHIVE.xattr.com.apple.provenance'
.../@more-tech/react-native-libsodium postinstall: tar: Ignoring unknown extended header keyword 'LIBARCHIVE.xattr.com.apple.provenance'
.../@more-tech/react-native-libsodium postinstall: tar: Ignoring unknown extended header keyword 'LIBARCHIVE.xattr.com.apple.provenance'
.../@more-tech/react-native-libsodium postinstall: tar: Ignoring unknown extended header keyword 'LIBARCHIVE.xattr.com.apple.provenance'
.../@more-tech/react-native-libsodium postinstall: tar: Ignoring unknown extended header keyword 'LIBARCHIVE.xattr.com.apple.provenance'
.../@more-tech/react-native-libsodium postinstall: tar: Ignoring unknown extended header keyword 'LIBARCHIVE.xattr.com.apple.provenance'
.../@more-tech/react-native-libsodium postinstall: tar: Ignoring unknown extended header keyword 'LIBARCHIVE.xattr.com.apple.provenance'
.../@more-tech/react-native-libsodium postinstall: tar: Ignoring unknown extended header keyword 'LIBARCHIVE.xattr.com.apple.provenance'
.../@more-tech/react-native-libsodium postinstall: tar: Ignoring unknown extended header keyword 'LIBARCHIVE.xattr.com.apple.provenance'
.../@more-tech/react-native-libsodium postinstall: tar: Ignoring unknown extended header keyword 'LIBARCHIVE.xattr.com.apple.provenance'
.../@more-tech/react-native-libsodium postinstall: tar: Ignoring unknown extended header keyword 'LIBARCHIVE.xattr.com.apple.provenance'
.../@more-tech/react-native-libsodium postinstall: tar: Ignoring unknown extended header keyword 'LIBARCHIVE.xattr.com.apple.provenance'
.../@more-tech/react-native-libsodium postinstall: tar: Ignoring unknown extended header keyword 'LIBARCHIVE.xattr.com.apple.provenance'
.../@more-tech/react-native-libsodium postinstall: tar: Ignoring unknown extended header keyword 'LIBARCHIVE.xattr.com.apple.provenance'
.../@more-tech/react-native-libsodium postinstall: tar: Ignoring unknown extended header keyword 'LIBARCHIVE.xattr.com.apple.provenance'
.../@more-tech/react-native-libsodium postinstall: tar: Ignoring unknown extended header keyword 'LIBARCHIVE.xattr.com.apple.provenance'
.../@more-tech/react-native-libsodium postinstall: tar: Ignoring unknown extended header keyword 'LIBARCHIVE.xattr.com.apple.provenance'
.../@more-tech/react-native-libsodium postinstall: tar: Ignoring unknown extended header keyword 'LIBARCHIVE.xattr.com.apple.provenance'
.../@more-tech/react-native-libsodium postinstall: tar: Ignoring unknown extended header keyword 'LIBARCHIVE.xattr.com.apple.provenance'
.../@more-tech/react-native-libsodium postinstall: tar: Ignoring unknown extended header keyword 'LIBARCHIVE.xattr.com.apple.provenance'
.../@more-tech/react-native-libsodium postinstall: tar: Ignoring unknown extended header keyword 'LIBARCHIVE.xattr.com.apple.provenance'
.../@more-tech/react-native-libsodium postinstall: tar: Ignoring unknown extended header keyword 'LIBARCHIVE.xattr.com.apple.provenance'
.../@more-tech/react-native-libsodium postinstall: tar: Ignoring unknown extended header keyword 'LIBARCHIVE.xattr.com.apple.provenance'
.../@more-tech/react-native-libsodium postinstall: tar: Ignoring unknown extended header keyword 'LIBARCHIVE.xattr.com.apple.provenance'
.../@more-tech/react-native-libsodium postinstall: tar: Ignoring unknown extended header keyword 'LIBARCHIVE.xattr.com.apple.provenance'
.../@more-tech/react-native-libsodium postinstall: tar: Ignoring unknown extended header keyword 'LIBARCHIVE.xattr.com.apple.provenance'
.../@more-tech/react-native-libsodium postinstall: tar: Ignoring unknown extended header keyword 'LIBARCHIVE.xattr.com.apple.provenance'
.../@more-tech/react-native-libsodium postinstall: tar: Ignoring unknown extended header keyword 'LIBARCHIVE.xattr.com.apple.provenance'
.../@more-tech/react-native-libsodium postinstall: tar: Ignoring unknown extended header keyword 'LIBARCHIVE.xattr.com.apple.provenance'
.../@more-tech/react-native-libsodium postinstall: tar: Ignoring unknown extended header keyword 'LIBARCHIVE.xattr.com.apple.provenance'
.../@more-tech/react-native-libsodium postinstall: tar: Ignoring unknown extended header keyword 'LIBARCHIVE.xattr.com.apple.provenance'
.../@more-tech/react-native-libsodium postinstall: tar: Ignoring unknown extended header keyword 'LIBARCHIVE.xattr.com.apple.provenance'
.../@more-tech/react-native-libsodium postinstall: tar: Ignoring unknown extended header keyword 'LIBARCHIVE.xattr.com.apple.provenance'
.../@more-tech/react-native-libsodium postinstall: tar: Ignoring unknown extended header keyword 'LIBARCHIVE.xattr.com.apple.provenance'
.../@more-tech/react-native-libsodium postinstall: tar: Ignoring unknown extended header keyword 'LIBARCHIVE.xattr.com.apple.provenance'
.../@more-tech/react-native-libsodium postinstall: tar: Ignoring unknown extended header keyword 'LIBARCHIVE.xattr.com.apple.provenance'
.../@more-tech/react-native-libsodium postinstall: tar: Ignoring unknown extended header keyword 'LIBARCHIVE.xattr.com.apple.provenance'
.../@more-tech/react-native-libsodium postinstall: tar: Ignoring unknown extended header keyword 'LIBARCHIVE.xattr.com.apple.provenance'
.../@more-tech/react-native-libsodium postinstall: tar: Ignoring unknown extended header keyword 'LIBARCHIVE.xattr.com.apple.provenance'
.../@more-tech/react-native-libsodium postinstall: tar: Ignoring unknown extended header keyword 'LIBARCHIVE.xattr.com.apple.provenance'
.../@more-tech/react-native-libsodium postinstall: tar: Ignoring unknown extended header keyword 'LIBARCHIVE.xattr.com.apple.provenance'
.../@more-tech/react-native-libsodium postinstall: tar: Ignoring unknown extended header keyword 'LIBARCHIVE.xattr.com.apple.provenance'
.../@more-tech/react-native-libsodium postinstall: tar: Ignoring unknown extended header keyword 'LIBARCHIVE.xattr.com.apple.provenance'
.../@more-tech/react-native-libsodium postinstall: tar: Ignoring unknown extended header keyword 'LIBARCHIVE.xattr.com.apple.provenance'
.../@more-tech/react-native-libsodium postinstall: tar: Ignoring unknown extended header keyword 'LIBARCHIVE.xattr.com.apple.provenance'
.../@more-tech/react-native-libsodium postinstall: tar: Ignoring unknown extended header keyword 'LIBARCHIVE.xattr.com.apple.provenance'
.../@more-tech/react-native-libsodium postinstall: tar: Ignoring unknown extended header keyword 'LIBARCHIVE.xattr.com.apple.provenance'
.../@more-tech/react-native-libsodium postinstall: tar: Ignoring unknown extended header keyword 'LIBARCHIVE.xattr.com.apple.provenance'
.../@more-tech/react-native-libsodium postinstall: tar: Ignoring unknown extended header keyword 'LIBARCHIVE.xattr.com.apple.provenance'
.../@more-tech/react-native-libsodium postinstall: tar: Ignoring unknown extended header keyword 'LIBARCHIVE.xattr.com.apple.provenance'
.../@more-tech/react-native-libsodium postinstall: tar: Ignoring unknown extended header keyword 'LIBARCHIVE.xattr.com.apple.provenance'
.../@more-tech/react-native-libsodium postinstall: tar: Ignoring unknown extended header keyword 'LIBARCHIVE.xattr.com.apple.provenance'
.../@more-tech/react-native-libsodium postinstall: tar: Ignoring unknown extended header keyword 'LIBARCHIVE.xattr.com.apple.provenance'
.../@more-tech/react-native-libsodium postinstall: tar: Ignoring unknown extended header keyword 'LIBARCHIVE.xattr.com.apple.provenance'
.../@more-tech/react-native-libsodium postinstall: tar: Ignoring unknown extended header keyword 'LIBARCHIVE.xattr.com.apple.provenance'
.../@more-tech/react-native-libsodium postinstall: tar: Ignoring unknown extended header keyword 'LIBARCHIVE.xattr.com.apple.provenance'
.../@more-tech/react-native-libsodium postinstall: tar: Ignoring unknown extended header keyword 'LIBARCHIVE.xattr.com.apple.provenance'
.../@more-tech/react-native-libsodium postinstall: tar: Ignoring unknown extended header keyword 'LIBARCHIVE.xattr.com.apple.provenance'
.../@more-tech/react-native-libsodium postinstall: tar: Ignoring unknown extended header keyword 'LIBARCHIVE.xattr.com.apple.provenance'
.../@more-tech/react-native-libsodium postinstall: tar: Ignoring unknown extended header keyword 'LIBARCHIVE.xattr.com.apple.provenance'
.../@more-tech/react-native-libsodium postinstall: tar: Ignoring unknown extended header keyword 'LIBARCHIVE.xattr.com.apple.provenance'
.../@more-tech/react-native-libsodium postinstall: tar: Ignoring unknown extended header keyword 'LIBARCHIVE.xattr.com.apple.provenance'
.../@more-tech/react-native-libsodium postinstall: tar: Ignoring unknown extended header keyword 'LIBARCHIVE.xattr.com.apple.provenance'
.../@more-tech/react-native-libsodium postinstall: tar: Ignoring unknown extended header keyword 'LIBARCHIVE.xattr.com.apple.provenance'
.../@more-tech/react-native-libsodium postinstall: tar: Ignoring unknown extended header keyword 'LIBARCHIVE.xattr.com.apple.provenance'
.../@more-tech/react-native-libsodium postinstall: tar: Ignoring unknown extended header keyword 'LIBARCHIVE.xattr.com.apple.provenance'
.../@more-tech/react-native-libsodium postinstall: tar: Ignoring unknown extended header keyword 'LIBARCHIVE.xattr.com.apple.provenance'
.../@more-tech/react-native-libsodium postinstall: tar: Ignoring unknown extended header keyword 'LIBARCHIVE.xattr.com.apple.provenance'
.../@more-tech/react-native-libsodium postinstall: tar: Ignoring unknown extended header keyword 'LIBARCHIVE.xattr.com.apple.provenance'
.../@more-tech/react-native-libsodium postinstall: tar: Ignoring unknown extended header keyword 'LIBARCHIVE.xattr.com.apple.provenance'
.../@more-tech/react-native-libsodium postinstall: tar: Ignoring unknown extended header keyword 'LIBARCHIVE.xattr.com.apple.provenance'
.../@more-tech/react-native-libsodium postinstall: tar: Ignoring unknown extended header keyword 'LIBARCHIVE.xattr.com.apple.provenance'
.../@more-tech/react-native-libsodium postinstall: tar: Ignoring unknown extended header keyword 'LIBARCHIVE.xattr.com.apple.provenance'
.../@more-tech/react-native-libsodium postinstall: tar: Ignoring unknown extended header keyword 'LIBARCHIVE.xattr.com.apple.provenance'
.../@more-tech/react-native-libsodium postinstall: tar: Ignoring unknown extended header keyword 'LIBARCHIVE.xattr.com.apple.provenance'
.../@more-tech/react-native-libsodium postinstall: tar: Ignoring unknown extended header keyword 'LIBARCHIVE.xattr.com.apple.provenance'
.../@more-tech/react-native-libsodium postinstall: tar: Ignoring unknown extended header keyword 'LIBARCHIVE.xattr.com.apple.provenance'
.../@more-tech/react-native-libsodium postinstall: tar: Ignoring unknown extended header keyword 'LIBARCHIVE.xattr.com.apple.provenance'
.../@more-tech/react-native-libsodium postinstall: Done
node_modules/electron postinstall: Done
node_modules/node-pty install: gyp info spawn /usr/bin/python3
node_modules/node-pty install: gyp info spawn args [
node_modules/node-pty install: gyp info spawn args '/tmp/happyherd-sync-rehearsal.MWY5wi/real-delta-rehearsal/server/node_modules/node-gyp/gyp/gyp_main.py',
node_modules/node-pty install: gyp info spawn args 'binding.gyp',
node_modules/node-pty install: gyp info spawn args '-f',
node_modules/node-pty install: gyp info spawn args 'make',
node_modules/node-pty install: gyp info spawn args '-I',
node_modules/node-pty install: gyp info spawn args '/tmp/happyherd-sync-rehearsal.MWY5wi/real-delta-rehearsal/server/node_modules/node-pty/build/config.gypi',
node_modules/node-pty install: gyp info spawn args '-I',
node_modules/node-pty install: gyp info spawn args '/tmp/happyherd-sync-rehearsal.MWY5wi/real-delta-rehearsal/server/node_modules/node-gyp/addon.gypi',
node_modules/node-pty install: gyp info spawn args '-I',
node_modules/node-pty install: gyp info spawn args '/home/runner/.cache/node-gyp/20.20.2/include/node/common.gypi',
node_modules/node-pty install: gyp info spawn args '-Dlibrary=shared_library',
node_modules/node-pty install: gyp info spawn args '-Dvisibility=default',
node_modules/node-pty install: gyp info spawn args '-Dnode_root_dir=/home/runner/.cache/node-gyp/20.20.2',
node_modules/node-pty install: gyp info spawn args '-Dnode_gyp_dir=/tmp/happyherd-sync-rehearsal.MWY5wi/real-delta-rehearsal/server/node_modules/node-gyp',
node_modules/node-pty install: gyp info spawn args '-Dnode_lib_file=/home/runner/.cache/node-gyp/20.20.2/<(target_arch)/node.lib',
node_modules/node-pty install: gyp info spawn args '-Dmodule_root_dir=/tmp/happyherd-sync-rehearsal.MWY5wi/real-delta-rehearsal/server/node_modules/node-pty',
node_modules/node-pty install: gyp info spawn args '-Dnode_engine=v8',
node_modules/node-pty install: gyp info spawn args '--depth=.',
node_modules/node-pty install: gyp info spawn args '--no-parallel',
node_modules/node-pty install: gyp info spawn args '--generator-output',
node_modules/node-pty install: gyp info spawn args 'build',
node_modules/node-pty install: gyp info spawn args '-Goutput_dir=.'
node_modules/node-pty install: gyp info spawn args ]
node_modules/node-pty install: gyp info spawn make
node_modules/node-pty install: gyp info spawn args [ 'BUILDTYPE=Release', '-C', 'build' ]
node_modules/node-pty install: make: Entering directory '/tmp/happyherd-sync-rehearsal.MWY5wi/real-delta-rehearsal/server/node_modules/node-pty/build'
node_modules/node-pty install:   TOUCH Release/obj.target/../node-addon-api/node_addon_api_except.stamp
node_modules/node-pty install:   CXX(target) Release/obj.target/pty/src/unix/pty.o
node_modules/node-pty install:   SOLINK_MODULE(target) Release/obj.target/pty.node
node_modules/node-pty install:   COPY Release/pty.node
node_modules/node-pty install: make: Leaving directory '/tmp/happyherd-sync-rehearsal.MWY5wi/real-delta-rehearsal/server/node_modules/node-pty/build'
node_modules/node-pty install: gyp info ok 
node_modules/node-pty install: Done
node_modules/node-pty postinstall$ node scripts/post-install.js
node_modules/node-pty postinstall: > Cleaning release folder...
node_modules/node-pty postinstall: > Moving conpty.dll...
node_modules/node-pty postinstall:   SKIPPED (not Windows)
node_modules/node-pty postinstall: Done
node_modules/prisma preinstall$ node scripts/preinstall-entry.js
node_modules/prisma preinstall: Done
node_modules/@prisma/client postinstall$ node scripts/postinstall.js
node_modules/@prisma/client postinstall: prisma:warn We could not find your Prisma schema in the default locations (see: https://pris.ly/d/prisma-schema-location).
node_modules/@prisma/client postinstall: If you have a Prisma schema file in a custom path, you will need to run
node_modules/@prisma/client postinstall: `prisma generate --schema=./path/to/your/schema.prisma` to generate Prisma Client.
node_modules/@prisma/client postinstall: If you do not have a Prisma schema file yet, you can ignore this message.
node_modules/@prisma/client postinstall: Done

╭ Warning ─────────────────────────────────────────────────────────────────────╮
│                                                                              │
│   Ignored build scripts: @anthropic-ai/claude-code.                          │
│   Run "pnpm approve-builds" to pick which dependencies should be allowed     │
│   to run scripts.                                                            │
│                                                                              │
╰──────────────────────────────────────────────────────────────────────────────╯

. postinstall$ node ./scripts/postinstall.cjs
. postinstall: [patch] Fixed pglite-prisma-adapter Bytes column handling (2 file(s))
. postinstall: [patch] Fixed LiveKit stale Room + v1 RTC 404 (5 file(s))
. postinstall: [patch] Exposed @pierre/diffs/style.js (2 file(s))
. postinstall: [force-preact-cjs] patched preact package.json — all subpaths point to CJS
. postinstall: [patch] Fixed react-native-audio-api size_t for Xcode 26 (1 file(s))
. postinstall: [patch] Made Expo Hermes bytecode input deterministic (1 file(s))
. postinstall: > @slopus/happy-wire@0.1.0 build /tmp/happyherd-sync-rehearsal.MWY5wi/real-delta-rehearsal/server/packages/happy-wire
. postinstall: > shx rm -rf dist && tsc --noEmit && pkgroll
. postinstall: Done
packages/happy-app postinstall$ patch-package && setup-skia-web public
packages/happy-cli postinstall$ node scripts/unpack-tools.cjs
packages/happy-server postinstall$ prisma generate --schema=prisma/schema.prisma
packages/happy-cli postinstall: Unpacking tools for x64-linux...
packages/happy-app postinstall: patch-package 8.0.1
packages/happy-app postinstall: Applying patches...
packages/happy-app postinstall: No patch files found
packages/happy-app postinstall: › Reading Expo settings from (if any):
packages/happy-app postinstall:   /tmp/happyherd-sync-rehearsal.MWY5wi/real-delta-rehearsal/server/packages/happy-app/app.json
packages/happy-app postinstall:   No Expo settings found
packages/happy-app postinstall: › Copying 'canvaskit.wasm' file to public folder:
packages/happy-app postinstall:   /tmp/happyherd-sync-rehearsal.MWY5wi/real-delta-rehearsal/server/packages/happy-app/public/canvaskit.wasm
packages/happy-app postinstall: › Success! You are almost there:
packages/happy-app postinstall: › To load React Native Skia Web,
packages/happy-app postinstall: follow these instructions: https://shopify.github.io/react-native-skia/docs/getting-started/web
packages/happy-app postinstall: Done
packages/happy-cli postinstall: Tools unpacked successfully to /tmp/happyherd-sync-rehearsal.MWY5wi/real-delta-rehearsal/server/packages/happy-cli/tools/unpacked
packages/happy-cli postinstall: Done
packages/happy-server postinstall: Prisma schema loaded from prisma/schema.prisma
packages/happy-server postinstall: warn Preview feature "metrics" is deprecated. It will be removed in a future version of Prisma.
packages/happy-server postinstall: warn Preview feature "driverAdapters" is deprecated. The functionality can be used without specifying it as a preview feature.
packages/happy-server postinstall: ✔ Generated Prisma Client (v6.19.2) to ./../../node_modules/@prisma/client in 310ms
packages/happy-server postinstall: ✔ Generated Prisma Json Types Generator (3.6.2) to ./prisma in 585ms
packages/happy-server postinstall: Start by importing your Prisma Client (See: https://pris.ly/d/importing-client)
packages/happy-server postinstall: Tip: Interested in query caching in just a few lines of code? Try Accelerate today! https://pris.ly/tip-3-accelerate
packages/happy-server postinstall: Done
Done in 1m 18.6s using pnpm v10.11.0
lineage: ok (happy-upstream-base-2026-08-02 -> 971d608923f1)
patch-discipline: ok (20 owned patches; baseline d8b36de55220; tree 0dbf74e3504d)
HappyHerd runtime isolation verified: happyherd.gehirn.ai:20015
Runtime isolation contract tests passed.
upstream-sync-provenance: ok (1 valid and 4 rejected fixtures)
a5-evidence: self-test ok (1 valid and 7 rejected documents)

> happy-app@1.0.0 typecheck /tmp/happyherd-sync-rehearsal.MWY5wi/real-delta-rehearsal/server/packages/happy-app
> tsc --noEmit


> happy-app@1.0.0 test /tmp/happyherd-sync-rehearsal.MWY5wi/real-delta-rehearsal/server/packages/happy-app
> vitest --run


 RUN  v3.2.4 /tmp/happyherd-sync-rehearsal.MWY5wi/real-delta-rehearsal/server/packages/happy-app

 ✓ sources/sync/reducer/reducer.spec.ts (59 tests) 34ms
stderr | sources/sync/typesRaw.spec.ts > Zod Transform - WOLOG Content Normalization > Session protocol normalization > rejects file events without required size
Unrecognized message type: session (id: db-file-missing-size)

stderr | sources/sync/typesRaw.spec.ts > Zod Transform - WOLOG Content Normalization > Session protocol normalization > returns null for non-cuid subagent identifiers
Unrecognized message type: session (id: db-subagent-invalid)

stderr | sources/sync/typesRaw.spec.ts > Zod Transform - WOLOG Content Normalization > Session protocol normalization > returns null for malformed session payloads
Unrecognized message type: session (id: db-8)

stderr | sources/sync/typesRaw.spec.ts > Zod Transform - WOLOG Content Normalization > Session protocol normalization > returns null for turn-end session events without status
Unrecognized message type: session (id: db-10)

stderr | sources/sync/typesRaw.spec.ts > Zod Transform - WOLOG Content Normalization > Session protocol normalization > returns null for service events from user role
Unrecognized message type: session (id: db-11)

 ✓ sources/sync/typesRaw.spec.ts (63 tests) 49ms
 ✓ sources/sync/attachmentDiagnostics.test.ts (36 tests) 20ms
 ✓ sources/utils/debounce.test.ts (38 tests) 30ms
 ✓ sources/auth/secretKeyBackup.spec.ts (57 tests) 25ms
 ✓ sources/sync/reducer/reducerTracer.spec.ts (12 tests) 9ms
 ✓ sources/sync/reducer/activityUpdateAccumulator.test.ts (13 tests) 16ms
 ✓ sources/sync/settings.spec.ts (34 tests) 32ms
 ✓ sources/components/autocomplete/findActiveWord.test.ts (41 tests) 11ms
 ✓ sources/sync/apiAttachments.test.ts (13 tests) 39ms
 ✓ sources/hooks/useGroupedMessages.test.ts (11 tests) 12ms
 ✓ sources/utils/pathUtils.spec.ts (34 tests) 9ms
 ✓ sources/utils/deviceCalculations.test.ts (25 tests) 8ms
 ✓ sources/utils/toSnakeCase.test.ts (24 tests) 10ms
stdout | sources/sync/reducer/phase0-skipping.spec.ts > Phase 0 permission skipping issue > should handle permissions when AgentState and matching tools arrive together
Result messages: 3
Permission mappings: {
  toolIdToMessageId: [
    [ 'tool1', '58n1be7anp' ],
    [ 'tool2', 'h5yey52p62' ],
    [ 'tool3', 'lo9ah9mysu' ]
  ]
}

 ✓ sources/sync/reducer/phase0-skipping.spec.ts (2 tests) 9ms
 ✓ sources/components/modelModeOptions.test.ts (15 tests) 10ms
 ✓ sources/sync/agentCommunications.spec.ts (23 tests) 10ms
 ✓ sources/components/autocomplete/applySuggestion.test.ts (16 tests) 7ms
 ✓ sources/keyboard/shortcuts.test.ts (27 tests) 9ms
 ✓ sources/sync/storageTypes.spec.ts (11 tests) 27ms
 ✓ sources/components/parseLocalCommandMessage.spec.ts (22 tests) 8ms
 ✓ sources/components/agentGoalStatus.spec.ts (10 tests) 5ms
 ✓ sources/utils/toolDisplay.test.ts (8 tests) 6ms
 ✓ sources/hooks/useStartSessionFromDraft.test.ts (3 tests) 9ms
 ✓ sources/components/AgentGoalBar.spec.ts (5 tests) 36ms
 ✓ sources/utils/sessionStatusBar.test.ts (12 tests) 7ms
 ✓ sources/utils/sessionFileLinks.test.ts (8 tests) 8ms
 ✓ sources/sync/ops.codexFork.test.ts (3 tests) 51ms
 ✓ sources/utils/toolErrorParser.test.ts (15 tests) 7ms
 ✓ sources/sync/projectGroups.spec.ts (6 tests) 6ms
 ✓ sources/sync/rig.test.ts (8 tests) 14ms
 ✓ sources/encryption/blob.test.ts (9 tests) 2789ms
   ✓ blob encryption > should encrypt and decrypt a large blob (1MB)  2783ms
 ✓ sources/utils/toolComparison.test.ts (9 tests) 4ms
 ✓ sources/sync/messageMeta.test.ts (7 tests) 5ms
 ✓ sources/utils/resumeCommand.test.ts (8 tests) 5ms
 ✓ sources/components/markdown/parseMarkdownBlock.test.ts (5 tests) 7ms
 ✓ sources/sync/apiGithub.spec.ts (4 tests) 8ms
 ✓ sources/hooks/useNewSessionDraft.test.ts (4 tests) 34ms
 ✓ sources/navigation/browserNavigation.test.ts (6 tests) 5ms
 ✓ sources/sync/attachmentSupport.test.ts (7 tests) 5ms
 ✓ sources/encryption/aes.web.test.ts (6 tests) 11ms
 ✓ sources/utils/sessionDisplayOrder.test.ts (2 tests) 11ms
 ✓ sources/-session/agentGoalActionHandler.spec.ts (6 tests) 7ms
 ✓ sources/sync/apiTypes.spec.ts (4 tests) 7ms
 ✓ sources/utils/versionUtils.test.ts (8 tests) 5ms
 ✓ sources/encryption/text.test.ts (9 tests) 6ms
 ✓ sources/utils/codexUnifiedDiff.spec.ts (4 tests) 4ms
 ✓ sources/sync/ops.rig.test.ts (3 tests) 11ms
 ✓ sources/components/markdown/parseMarkdown.test.ts (3 tests) 6ms
 ✓ sources/utils/userMessageBubbleColor.test.ts (4 tests) 4ms
 ✓ sources/hooks/useImagePicker.test.ts (1 test) 7ms
 ✓ sources/utils/newSessionSidebarLayout.test.ts (5 tests) 4ms
 ✓ sources/utils/notificationRouting.test.ts (7 tests) 4ms
 ✓ sources/utils/sessionFork.test.ts (3 tests) 4ms
 ✓ sources/components/agentInputPrimaryAction.test.ts (5 tests) 5ms
 ✓ sources/sync/controlHandoff.test.ts (4 tests) 17ms
 ✓ sources/sync/suggestionCommands.spec.ts (2 tests) 4ms
 ✓ sources/sync/modeHacks.test.ts (4 tests) 4ms
 ✓ sources/sync/git-parsers/gitPath.test.ts (4 tests) 4ms
 ✓ sources/auth/accountKeyLifecycle.spec.ts (3 tests) 3ms
 ✓ sources/utils/newSessionPickerItems.test.ts (2 tests) 4ms
 ✓ sources/utils/toolCommand.test.ts (4 tests) 3ms
 ✓ sources/components/markdown/linkUtils.test.ts (2 tests) 3ms
 ✓ sources/sync/sessionIdentity.test.ts (1 test) 3ms
 ✓ sources/utils/duplicateSheetLayout.test.ts (2 tests) 4ms
 ✓ sources/sync/typesMessageMeta.test.ts (1 test) 9ms
 ✓ sources/components/tools/knownTools.spec.ts (1 test) 3ms
 ✓ sources/hooks/useTauriZoom.test.ts (1 test) 3ms

 Test Files  68 passed (68)
      Tests  814 passed (814)
   Start at  20:49:09
   Duration  18.20s (transform 1.20s, setup 0ms, collect 2.96s, tests 3.55s, environment 12ms, prepare 4.39s)


> @slopus/happy-wire@0.1.0 test /tmp/happyherd-sync-rehearsal.MWY5wi/real-delta-rehearsal/server/packages/happy-wire
> $npm_execpath run build && vitest run


> @slopus/happy-wire@0.1.0 build /tmp/happyherd-sync-rehearsal.MWY5wi/real-delta-rehearsal/server/packages/happy-wire
> shx rm -rf dist && tsc --noEmit && pkgroll


 RUN  v3.2.4 /tmp/happyherd-sync-rehearsal.MWY5wi/real-delta-rehearsal/server/packages/happy-wire

 ✓ src/messages.test.ts (9 tests) 11ms
 ✓ src/sessionProtocol.test.ts (10 tests) 15ms
 ✓ src/rigMetadata.test.ts (2 tests) 15ms
 ✓ src/controlMessages.test.ts (4 tests) 4ms

 Test Files  4 passed (4)
      Tests  25 passed (25)
   Start at  20:49:36
   Duration  1.16s (transform 119ms, setup 0ms, collect 407ms, tests 44ms, environment 1ms, prepare 267ms)


> happy-agent@0.1.0 test /tmp/happyherd-sync-rehearsal.MWY5wi/real-delta-rehearsal/server/packages/happy-agent
> $npm_execpath run build && vitest run


> happy-agent@0.1.0 build /tmp/happyherd-sync-rehearsal.MWY5wi/real-delta-rehearsal/server/packages/happy-agent
> node -e "require('node:fs').rmSync('dist', { recursive: true, force: true })" && tsc --noEmit && pkgroll

Warning (package.json#bin["happy-agent"]): Ignoring file outside of dist directories
Generated an empty chunk: "index".
Generated an empty chunk: "index".

 RUN  v3.2.4 /tmp/happyherd-sync-rehearsal.MWY5wi/real-delta-rehearsal/server/packages/happy-agent

 ✓ src/session.test.ts (31 tests) 683ms
Not authenticated. Run `happy-agent auth login` first.
Not authenticated. Run `happy-agent auth login` first.
error: required option '--tag <tag>' not specified
Not authenticated. Run `happy-agent auth login` first.
Not authenticated. Run `happy-agent auth login` first.
Not authenticated. Run `happy-agent auth login` first.
Not authenticated. Run `happy-agent auth login` first.
Not authenticated. Run `happy-agent auth login` first.
Not authenticated. Run `happy-agent auth login` first.
Not authenticated. Run `happy-agent auth login` first.
Not authenticated. Run `happy-agent auth login` first.
Not authenticated. Run `happy-agent auth login` first.
Not authenticated. Run `happy-agent auth login` first.
Not authenticated. Run `happy-agent auth login` first.
Not authenticated. Run `happy-agent auth login` first.
 ✓ src/cli-smoke.test.ts (44 tests) 7528ms
   ✓ Smoke: Error handling > no credentials > all authenticated commands fail with auth error message  1684ms
 ✓ src/api.test.ts (22 tests) 111ms
 ✓ src/encryption.test.ts (43 tests) 151ms
 ✓ src/auth.test.ts (12 tests) 7072ms
   ✓ auth > authLogin > completes the auth flow on first poll response  1035ms
   ✓ auth > authLogin > polls multiple times before success  3012ms
   ✓ auth > authLogin > throws when polling fails  1002ms
   ✓ auth > authLogin > throws when decryption fails (wrong key)  1005ms
   ✓ auth > authLogin > sends publicKey as base64 in request body  1005ms
 ✓ src/output.test.ts (32 tests) 11ms
Not authenticated. Run `happy-agent auth login` first.
Not authenticated. Run `happy-agent auth login` first.
Not authenticated. Run `happy-agent auth login` first.
error: required option '--tag <tag>' not specified
Not authenticated. Run `happy-agent auth login` first.
Not authenticated. Run `happy-agent auth login` first.
Not authenticated. Run `happy-agent auth login` first.
Not authenticated. Run `happy-agent auth login` first.
Not authenticated. Run `happy-agent auth login` first.
Not authenticated. Run `happy-agent auth login` first.
Not authenticated. Run `happy-agent auth login` first.
 ✓ src/index.test.ts (24 tests) 5579ms
 ✓ src/credentials.test.ts (12 tests) 58ms
 ✓ src/config.test.ts (7 tests) 5ms

 Test Files  9 passed (9)
      Tests  227 passed (227)
   Start at  20:49:46
   Duration  23.67s (transform 478ms, setup 0ms, collect 859ms, tests 21.20s, environment 1ms, prepare 597ms)


> happy@1.2.0 test /tmp/happyherd-sync-rehearsal.MWY5wi/real-delta-rehearsal/server/packages/happy-cli
> pnpm run build && vitest run --project unit


> happy@1.2.0 build /tmp/happyherd-sync-rehearsal.MWY5wi/real-delta-rehearsal/server/packages/happy-cli
> shx rm -rf dist && tsc --noEmit && pkgroll

Warning (package.json#bin.happy): Ignoring file outside of dist directories
Warning (package.json#bin["happy-mcp"]): Ignoring file outside of dist directories
Generated an empty chunk: "index".
Generated an empty chunk: "codex/happyMcpStdioBridge".
Generated an empty chunk: "index".
Generated an empty chunk: "codex/happyMcpStdioBridge".

 RUN  v3.2.4 /tmp/happyherd-sync-rehearsal.MWY5wi/real-delta-rehearsal/server/packages/happy-cli

Build stderr (could be debugger output): Warning (package.json#bin.happy): Ignoring file outside of dist directories
Warning (package.json#bin["happy-mcp"]): Ignoring file outside of dist directories
Generated an empty chunk: "index".
Generated an empty chunk: "codex/happyMcpStdioBridge".
Generated an empty chunk: "index".
Generated an empty chunk: "codex/happyMcpStdioBridge".

Build stdout: 
> happy@1.2.0 build /tmp/happyherd-sync-rehearsal.MWY5wi/real-delta-rehearsal/server/packages/happy-cli
> shx rm -rf dist && tsc --noEmit && pkgroll


Build stderr (could be debugger output): Warning (package.json#bin.happy): Ignoring file outside of dist directories
Warning (package.json#bin["happy-mcp"]): Ignoring file outside of dist directories
Generated an empty chunk: "index".
Generated an empty chunk: "codex/happyMcpStdioBridge".
Generated an empty chunk: "index".
Generated an empty chunk: "codex/happyMcpStdioBridge".

Build stdout: 
> happy@1.2.0 build /tmp/happyherd-sync-rehearsal.MWY5wi/real-delta-rehearsal/server/packages/happy-cli
> shx rm -rf dist && tsc --noEmit && pkgroll


 ✓  unit  src/codex/codexAppServerClient.test.ts (20 tests) 367ms
 ✓  unit  src/api/apiSession.test.ts (27 tests) 110ms
 ✓  unit  src/codex/__tests__/sessionProtocolMapper.test.ts (26 tests) 34ms
 ✓  unit  src/claude/runClaude.test.ts (14 tests) 748ms
 ✓  unit  src/claude/utils/sessionProtocolMapper.test.ts (18 tests) 27ms
 ✓  unit  src/utils/MessageQueue2.test.ts (21 tests) 88ms
 ✓  unit  src/utils/serverConnectionErrors.test.ts (28 tests) 1100ms
   ✓ startOfflineReconnection > error handling > should stop retrying on 401 authentication error  301ms
 ✓  unit  src/agent/acp/runAcp.test.ts (9 tests) 677ms
 ✓  unit  scripts/claude_version_utils.test.ts (50 tests) 284ms
 ✓  unit  src/claude/utils/sdkToLogConverter.test.ts (22 tests) 13ms
 ✓  unit  src/utils/tmux.test.ts (51 tests) 16ms
 ✓  unit  src/claude/utils/sessionScanner.test.ts (8 tests) 5025ms
   ✓ sessionScanner > should process initial session and resumed session correctly  1174ms
   ✓ sessionScanner > does not re-emit duplicate goal status transcript events  309ms
   ✓ sessionScanner > pre-marks existing goal status events from the initial session id  309ms
   ✓ sessionScanner > drops a phantom session whose transcript never appears and keeps serving real ones  2710ms
 ✓  unit  src/agent/acp/AcpSessionManager.test.ts (27 tests) 30ms
 ✓  unit  src/claude/claudeLocal.test.ts (10 tests) 22ms
 ✓  unit  src/api/api.test.ts (9 tests) 12ms
 ✓  unit  src/agy/AgyBackend.test.ts (9 tests) 46ms
 ✓  unit  src/resume/handleResumeCommand.test.ts (10 tests) 14ms
 ✓  unit  src/claude/utils/claudeFindLastSession.test.ts (14 tests) 40ms
 ✓  unit  src/claude/claudeLocalLauncher.test.ts (3 tests) 113ms
 ✓  unit  src/claude/utils/claudeSessionFork.test.ts (9 tests) 45ms
 ✓  unit  src/claude/utils/claudeCheckSession.test.ts (17 tests) 25ms
 ✓  unit  src/claude/utils/path.test.ts (19 tests) 8ms
 ✓  unit  src/claude/utils/usageLimits.test.ts (15 tests) 9ms
 ✓  unit  src/utils/expandEnvVars.test.ts (17 tests) 8ms
 ✓  unit  src/claude/utils/permissionHandler.test.ts (6 tests) 10ms
 ✓  unit  src/claude/claudeGoalStatus.test.ts (12 tests) 10ms
 ✓  unit  src/codex/codexGoalStatus.test.ts (12 tests) 9ms
 ✓  unit  src/sandbox/config.test.ts (7 tests) 7ms
 ✓  unit  src/codex/utils/threadImageBackfill.test.ts (4 tests) 19ms
 ✓  unit  src/codex/utils/imageInput.test.ts (9 tests) 15ms
 ✓  unit  src/api/apiMachine.codexFork.test.ts (4 tests) 206ms
 ✓  unit  src/agent/acp/sessionConfigMetadata.test.ts (4 tests) 5ms
stdout | src/commands/sandbox.test.ts > handleSandboxCommand > routes configure subcommand

Sandbox configuration summary:
{
  "enabled": true,
  "workspaceRoot": "~/Developer",
  "sessionIsolation": "workspace",
  "customWritePaths": [],
  "denyReadPaths": [
    "~/.ssh",
    "~/.aws",
    "~/.gnupg"
  ],
  "extraWritePaths": [
    "/tmp"
  ],
  "denyWritePaths": [
    ".env"
  ],
  "networkMode": "allowed",
  "allowedDomains": [],
  "deniedDomains": [],
  "allowLocalBinding": true
}

stdout | src/commands/sandbox.test.ts > handleSandboxCommand > routes configure subcommand
Sandbox configuration cancelled.

 ✓  unit  src/commands/sandbox.test.ts (8 tests) 11ms
 ✓  unit  src/utils/deterministicJson.test.ts (16 tests) 20ms
 ✓  unit  src/utils/PushableAsyncIterable.test.ts (8 tests) 37ms
 ✓  unit  src/api/apiMachine.test.ts (2 tests) 18ms
 ✓  unit  src/sessionProtocol/types.test.ts (9 tests) 12ms
 ✓  unit  src/utils/createSessionMetadata.test.ts (10 tests) 10ms
 ✓  unit  src/persistence.test.ts (9 tests) 13ms
 ✓  unit  src/claude/utils/permissionMode.test.ts (21 tests) 7ms
 ✓  unit  src/codex/codexThreadFork.test.ts (4 tests) 7ms
 ✓  unit  src/utils/terminalStdinCleanup.test.ts (5 tests) 7ms
 ✓  unit  src/codex/__tests__/permissionHandler.test.ts (6 tests) 8ms
 ✓  unit  src/commands/codexCommand.test.ts (5 tests) 6ms
 ✓  unit  scripts/__tests__/ripgrep_launcher.test.ts (6 tests) 6ms
 ✓  unit  src/codex/codexPrompt.test.ts (8 tests) 6ms
 ✓  unit  src/sandbox/manager.test.ts (4 tests) 5ms
 ✓  unit  src/daemon/sessionEnvironment.test.ts (4 tests) 9ms
 ✓  unit  src/claude/claudeRemote.test.ts (2 tests) 24ms
 ✓  unit  src/claude/utils/claudeSettings.test.ts (7 tests) 11ms
 ✓  unit  src/openclaw/openclawAuth.test.ts (4 tests) 53ms
 ✓  unit  src/codex/utils/attachmentEvents.test.ts (4 tests) 6ms
 ✓  unit  src/codex/__tests__/executionPolicy.test.ts (8 tests) 5ms
 ✓  unit  src/parsers/specialCommands.test.ts (12 tests) 5ms
 ✓  unit  src/daemon/ensureDaemonRunning.test.ts (2 tests) 109ms
 ✓  unit  src/claude/types.test.ts (4 tests) 10ms
 ✓  unit  src/claude/utils/launchFailureMessage.test.ts (9 tests) 5ms
 ✓  unit  src/modules/watcher/startFileWatcher.test.ts (4 tests) 7973ms
   ✓ startFileWatcher > gives up exactly once when the file never appears  2508ms
   ✓ startFileWatcher > recovers when the file appears within the grace window  2608ms
   ✓ startFileWatcher > does not give up when the file exists from the start  704ms
   ✓ startFileWatcher > stops on dispose without giving up  2152ms
 ✓  unit  src/claude/utils/proxyBypass.test.ts (9 tests) 5ms
 ✓  unit  src/codex/resumeExistingThread.test.ts (2 tests) 9ms
 ✓  unit  src/resume/localResumeStore.test.ts (2 tests) 6ms
 ✓  unit  src/codex/codexSkills.test.ts (2 tests) 26ms
 ✓  unit  src/agy/cliArgs.test.ts (7 tests) 6ms
 ✓  unit  src/modules/difftastic/index.test.ts (5 tests) 36ms
 ✓  unit  src/api/pushNotifications.test.ts (7 tests) 4ms
 ✓  unit  src/api/encryption.test.ts (4 tests) 295ms
 ✓  unit  src/codex/codexClearCommand.test.ts (3 tests) 6ms
 ✓  unit  src/utils/__tests__/runtimeIntegration.test.ts (4 tests) 8ms
 ✓  unit  src/ui/ink/RemoteModeDisplay.test.ts (5 tests) 3ms
 ✓  unit  src/agent/acp/acpAgentConfig.test.ts (8 tests) 5ms
 ✓  unit  src/utils/__tests__/runtime.test.ts (6 tests) 6ms
 ✓  unit  src/claude/sdk/happyEntrypoint.test.ts (4 tests) 3ms
 ✓  unit  src/utils/hmac_sha512.test.ts (1 test) 5ms
 ✓  unit  src/claude/utils/questionNotification.test.ts (3 tests) 3ms
 ✓  unit  src/modules/common/pathSecurity.test.ts (4 tests) 4ms
 ✓  unit  src/codex/utils/serialAsyncHandler.test.ts (2 tests) 11ms
 ✓  unit  src/codex/__tests__/emitReadyIfIdle.test.ts (4 tests) 5ms
 ✓  unit  src/modules/ripgrep/index.test.ts (5 tests) 140ms
 ✓  unit  src/codex/cliArgs.test.ts (4 tests) 5ms
 ✓  unit  src/resume/resolveHappySession.test.ts (4 tests) 4ms
 ✓  unit  src/agy/constants.test.ts (2 tests) 6ms
 ✓  unit  src/utils/sandboxFlags.test.ts (2 tests) 4ms
stdout | src/ui/qrcode.test.ts > QR Code Utility > should render a small QR code without throwing
================================================================================
📱 To authenticate, scan this QR code with your mobile device:
================================================================================
          ▄▄▄▄▄▄▄▄▄▄▄▄▄▄▄▄▄▄▄▄▄▄▄
          █ ▄▄▄▄▄ █▀▄█▀▄█ ▄▄▄▄▄ █
          █ █   █ █▀▄█▀██ █   █ █
          █ █▄▄▄█ █▀▀ ▄ █ █▄▄▄█ █
          █▄▄▄▄▄▄▄█▄█ ▀ █▄▄▄▄▄▄▄█
          █ ▄▄▄ ▀▄ ▄▄▀█  ▀ ▀▄▀▄▀█
          █▀ ▀█▄ ▄▄▄▀▀▄█ ▄▄▀  ▄██
          █▄█▄█▄▄▄▄ ▀▄▄▀ ▄▀ ▀██ █
          █ ▄▄▄▄▄ █▄  █ ▀█ ▀▀▀▄██
          █ █   █ █  █ ▄▀▄▄ ▀▀▄▄█
          █ █▄▄▄█ █ ▄▀ ▄ █▄█▀ ███
          █▄▄▄▄▄▄▄█▄▄▄█▄▄▄▄▄▄█▄██
          
================================================================================

 ✓  unit  src/ui/qrcode.test.ts (1 test) 28ms

 Test Files  83 passed (83)
      Tests  792 passed (792)
   Start at  20:50:30
   Duration  77.27s (transform 1.68s, setup 0ms, collect 7.09s, tests 18.16s, environment 14ms, prepare 5.39s)


> happy-server-self-host@1.1.11 typecheck /tmp/happyherd-sync-rehearsal.MWY5wi/real-delta-rehearsal/server/packages/happy-server
> tsc --noEmit


> happy-server-self-host@1.1.11 test /tmp/happyherd-sync-rehearsal.MWY5wi/real-delta-rehearsal/server/packages/happy-server
> vitest run


 RUN  v3.2.4 /tmp/happyherd-sync-rehearsal.MWY5wi/real-delta-rehearsal/server/packages/happy-server

 ✓ sources/app/api/routes/v3SessionRoutes.test.ts (10 tests) 137ms
 ✓ sources/app/api/routes/attachmentRoutes.spec.ts (20 tests) 187ms
 ✓ sources/app/api/routes/machinesRoutes.spec.ts (3 tests) 82ms
 ✓ sources/utils/lru.spec.ts (17 tests) 9ms
 ✓ sources/app/social/friendNotification.spec.ts (7 tests) 4ms
 ✓ sources/app/presence/sessionCache.spec.ts (1 test) 20ms
 ✓ sources/utils/separateName.spec.ts (11 tests) 5ms
 ✓ sources/app/monitoring/metrics2.test.ts (1 test) 4ms
 ✓ sources/standalone.spec.ts (2 tests) 4ms
 ✓ sources/storage/processImage.spec.ts (1 test) 99ms

 Test Files  10 passed (10)
      Tests  73 passed (73)
   Start at  20:51:58
   Duration  3.75s (transform 417ms, setup 0ms, collect 1.40s, tests 551ms, environment 2ms, prepare 686ms)

contract-suite: ok

upstream-rehearsal: ok (real interval 80cc6ac6e3b7e3e44e56bd62428e2e696183995e..971d608923f175d3d63af7c204e8c036206b3e99; post-sync 1adc187431ac19800520a9241f67143a56998761)
